Employee_ID,Employee_Name,Gender,Age,Department,Job_Role,Location,Joining_Date,Experience_Years,Salary_INR,Performance_Score,Attendance_Percentage,Overtime,Training_Hours,Job_Satisfaction,Work_Hours_Per_Week,Promotion_Last_3_Years,Attrition,Exit_Date
EMP0001,Shalini Pillai,Female,43,Operations,Operations Analyst,Madurai,19-12-2025,0.6,38500,4,89.5,No,29,4,51,Yes,No,
EMP0002,Nisha Sharma,Male,46,Finance,Financial Analyst,Chennai,05-08-2021,5,76000,2,87.7,Yes,46,2,50,No,No,
EMP0003,Karthik Verma,Female,30,Operations,Operations Manager,Coimbatore,20-05-2016,10.2,75000,4,94.6,No,20,5,48,No,No,
EMP0004,Gokul Reddy,Female,33,Marketing,Digital Marketing Executive,Chennai,23-12-2024,1.6,52500,4,91.5,No,42,2,35,No,Yes,24-10-2025
EMP0005,Gokul Iyer,Male,54,HR,HR Analyst,Chennai,04-07-2025,1.1,45500,5,94.4,Yes,0,3,41,No,Yes,12-04-2026
EMP0006,Ajay Sharma,Female,50,Customer Service,Customer Service Manager,Coimbatore,12-10-2018,7.8,61500,2,93.9,Yes,22,4,41,No,No,
EMP0007,Dinesh Krishnan,Male,35,Marketing,Digital Marketing Executive,Bengaluru,02-01-2020,6.6,69500,3,89.7,Yes,27,4,44,No,No,
EMP0008,Vignesh Balan,Male,29,Operations,Operations Executive,Hyderabad,04-04-2016,10.3,76000,3,84,No,35,3,52,No,No,
EMP0009,Keerthi Krishnan,Male,31,HR,HR Manager,Hyderabad,05-01-2024,2.6,51000,3,83.5,No,44,3,39,No,No,
EMP0010,Hari Singh,Female,39,Finance,Financial Analyst,Hyderabad,04-10-2023,2.8,61500,4,100,No,12,2,55,Yes,Yes,03-03-2025
EMP0011,Swathi Rajan,Male,40,Finance,Finance Executive,Bengaluru,16-03-2016,10.4,80500,3,100,Yes,38,4,42,Yes,Yes,13-10-2023
EMP0012,Arun Balan,Male,27,Customer Service,Customer Support Analyst,Bengaluru,09-01-2023,3.6,48000,3,99.4,Yes,46,5,40,No,No,
EMP0013,MaNoj Verma,Male,23,IT,IT Support Executive,Chennai,13-02-2020,6.5,72000,3,88.3,No,63,2,48,No,No,
EMP0014,Divya Patel,Male,38,Operations,Process Associate,Bengaluru,15-06-2021,5.1,52000,3,92.1,Yes,39,4,49,No,No,
EMP0015,Anjali Gupta,Male,48,Finance,Finance Executive,Chennai,08-03-2018,8.4,77000,3,87.5,No,21,4,47,No,No,
EMP0016,Nisha MeNon,Male,26,Sales,Sales Manager,Chennai,26-02-2024,2.4,56500,2,84.8,No,9,3,40,No,No,
EMP0017,Rahul Reddy,Male,35,IT,IT Manager,Chennai,17-01-2020,6.5,75500,3,88.8,No,55,1,47,Yes,No,
EMP0018,Kavya MeNon,Male,26,HR,Recruiter,Hyderabad,26-05-2024,2.2,44500,3,99.3,No,39,2,39,No,No,
EMP0019,Pooja Sharma,Female,29,Operations,Process Associate,Bengaluru,25-06-2017,9.1,65500,3,96.6,No,28,3,40,Yes,No,
EMP0020,Priya Sharma,Male,42,IT,Data Analyst,Pune,17-11-2021,4.7,89000,4,86.7,Yes,4,5,44,No,Yes,29-05-2025
EMP0021,Vijay Krishnan,Female,31,Marketing,Marketing Executive,Pune,06-02-2019,7.5,63000,4,90.3,No,14,3,40,No,No,
EMP0022,Suresh Pillai,Male,30,Finance,Financial Analyst,Hyderabad,29-08-2025,0.9,67000,3,96.1,Yes,37,2,49,No,No,
EMP0023,Rahul Reddy,Male,55,Customer Service,Team Leader,Chennai,27-07-2021,5,60500,3,88.9,Yes,33,4,41,No,Yes,04-07-2025
EMP0024,Deepa Kumar,Male,27,Operations,Operations Manager,Hyderabad,14-03-2023,3.4,55000,5,92.4,No,0,2,43,No,No,
EMP0025,Swathi Sharma,Male,27,Operations,Operations Executive,Hyderabad,10-11-2016,9.7,77000,5,94.2,Yes,37,4,40,Yes,No,
EMP0026,Aishwarya Reddy,Male,53,Sales,Sales Executive,Hyderabad,08-10-2022,3.8,51000,3,94.2,No,4,2,49,No,Yes,17-04-2026
EMP0027,Shalini MeNon,Female,40,Finance,Finance Manager,Chennai,04-01-2017,9.6,74500,3,93.4,No,48,3,41,No,No,
EMP0028,Meena Rajan,Male,22,HR,Recruiter,Chennai,13-08-2019,7,52500,2,88.4,No,31,4,50,No,No,
EMP0029,Karthik Kumar,Male,35,Sales,Business Development Executive,Pune,23-03-2018,8.4,66000,4,89,No,21,5,49,Yes,No,
EMP0030,Meena Krishnan,Female,40,Marketing,Marketing Executive,Chennai,09-01-2016,10.6,67000,3,85.8,No,43,5,42,No,Yes,29-03-2020
EMP0031,Ravi Rajan,Male,29,Marketing,Marketing Executive,Madurai,11-11-2021,4.7,61500,4,83.4,No,33,2,44,No,No,
EMP0032,Rahul Singh,Male,40,Customer Service,Customer Support Analyst,Madurai,30-05-2018,8.2,58000,5,91.4,Yes,48,3,42,No,No,
EMP0033,Vijay Balan,Male,43,Sales,Business Development Executive,Chennai,15-02-2021,5.5,58000,3,96.5,No,29,4,47,No,No,
EMP0034,Ravi Sharma,Male,29,Finance,Finance Executive,Chennai,22-08-2023,2.9,57000,4,84.4,Yes,30,5,43,Yes,No,
EMP0035,Suresh Singh,Male,49,Finance,Finance Manager,Pune,12-10-2017,8.8,76500,4,93.5,Yes,24,1,42,Yes,Yes,28-02-2021
EMP0036,Priya Sharma,Female,36,Sales,Sales Analyst,Hyderabad,06-02-2023,3.5,47000,3,96.3,Yes,32,3,44,No,No,
EMP0037,Vignesh Patel,Female,54,HR,HR Analyst,Pune,21-12-2018,7.6,62500,4,81.9,Yes,53,3,36,Yes,No,
EMP0038,Mohan Verma,Male,24,IT,IT Support Executive,Chennai,24-04-2019,7.3,78000,3,90.5,Yes,20,1,44,No,No,
EMP0039,Divya Krishnan,Female,32,Sales,Business Development Executive,Chennai,08-10-2021,4.8,49500,5,100,Yes,38,2,47,No,No,
EMP0040,Prakash Kumar,Female,46,Marketing,Marketing Analyst,Madurai,04-04-2022,4.3,60500,3,95,No,15,3,45,No,No,
EMP0041,Meena Rajan,Male,52,Finance,Finance Executive,Madurai,22-07-2022,4,53000,3,81.7,No,0,3,49,No,No,
EMP0042,Arun Nair,Female,28,Operations,Process Associate,Chennai,14-12-2017,8.6,62500,2,95.6,No,31,4,42,No,No,
EMP0043,Sneha Verma,Female,55,Marketing,Marketing Analyst,Bengaluru,18-10-2021,4.8,53000,3,87.9,Yes,34,4,42,No,Yes,25-11-2024
EMP0044,Anjali Balan,Female,27,Sales,Business Development Executive,Pune,21-08-2018,7.9,72000,3,95.8,Yes,26,4,38,Yes,No,
EMP0045,Priya MeNon,Female,35,Operations,Operations Manager,Coimbatore,08-10-2018,7.8,59000,1,88.2,No,6,3,42,No,No,
EMP0046,Sanjay Rajan,Male,32,Operations,Process Associate,Madurai,22-06-2025,1.1,36000,3,91.7,Yes,33,3,54,No,No,
EMP0047,Ajay Verma,Male,35,Finance,Accountant,Madurai,03-01-2017,9.6,75500,3,89,No,32,3,45,No,No,
EMP0048,Hari Gupta,Male,52,Sales,Sales Manager,Chennai,18-02-2020,6.5,58000,4,92,No,15,4,41,Yes,No,
EMP0049,Ajay Iyer,Male,46,Marketing,Marketing Analyst,Chennai,23-05-2020,6.2,55500,4,88.9,No,8,4,39,No,Yes,20-08-2024
EMP0050,MaNoj Singh,Male,48,HR,Recruiter,Coimbatore,13-06-2018,8.1,63500,3,90.8,Yes,24,3,36,No,No,
EMP0051,Harini Singh,Female,29,Sales,Sales Analyst,Madurai,08-11-2023,2.7,41000,3,85.5,No,38,2,40,Yes,No,
EMP0052,Hari Das,Male,54,HR,Recruiter,Coimbatore,14-11-2020,5.7,50000,3,94.7,No,34,4,48,No,Yes,07-09-2025
EMP0053,Nisha Patel,Male,36,Operations,Process Associate,Hyderabad,12-03-2023,3.4,46500,5,93,No,15,4,42,Yes,No,
EMP0054,Shalini Iyer,Female,43,Marketing,Marketing Analyst,Chennai,14-11-2019,6.7,67000,3,83.1,Yes,30,5,39,No,No,
EMP0055,Ajay Krishnan,Male,45,Marketing,Marketing Analyst,Chennai,19-12-2024,1.6,56000,3,97.5,No,41,3,40,Yes,No,
EMP0056,Priya Krishnan,Male,44,Operations,Operations Analyst,Chennai,18-04-2023,3.3,57500,2,91,No,10,3,47,Yes,No,
EMP0057,Prakash Singh,Female,42,Finance,Finance Executive,Chennai,02-05-2019,7.2,68000,2,92.9,Yes,29,4,44,No,Yes,08-12-2022
EMP0058,Pooja Reddy,Male,37,IT,IT Support Executive,Coimbatore,15-08-2025,1,47500,4,96.2,No,48,3,41,Yes,Yes,29-03-2026
EMP0059,Keerthi Kumar,Male,43,HR,Recruiter,Hyderabad,26-08-2024,1.9,46500,4,93.8,No,9,3,42,Yes,No,
EMP0060,Hari Singh,Male,52,HR,HR Executive,Hyderabad,01-12-2021,4.7,61000,5,98.4,Yes,45,5,55,Yes,No,
EMP0061,Priya Gupta,Female,34,Marketing,Marketing Executive,Bengaluru,01-03-2016,10.4,27475,4,90.4,No,52,2,50,No,No,
EMP0062,Karthik Das,Male,38,IT,Software Analyst,Madurai,29-11-2021,4.7,85500,5,97.7,No,25,5,51,Yes,No,
EMP0063,Shalini Verma,Male,27,IT,IT Manager,Chennai,28-11-2022,3.7,66500,3,92.7,No,23,3,35,No,No,
EMP0064,Hari Krishnan,Male,33,Marketing,Marketing Manager,Madurai,25-08-2019,6.9,61500,3,94.8,Yes,43,4,43,No,No,
EMP0065,Pooja Balan,Male,48,IT,Software Analyst,Madurai,09-06-2017,9.1,103500,2,94.2,No,25,3,41,No,No,
EMP0066,Harini Singh,Female,43,IT,Software Analyst,Hyderabad,24-08-2021,4.9,77500,4,98.8,Yes,0,4,47,No,Yes,03-05-2025
EMP0067,Ajay Rajan,Male,28,IT,IT Manager,Coimbatore,06-01-2024,2.6,63500,4,96,No,27,3,49,No,No,
EMP0068,Harini Verma,Female,40,Sales,Sales Manager,Chennai,12-03-2019,7.4,66500,4,89.6,No,35,4,46,No,No,
EMP0069,Deepa MeNon,Male,49,HR,HR Analyst,Chennai,24-07-2020,6,55500,2,88.5,No,39,3,40,No,No,
EMP0070,Vijay Verma,Male,25,Finance,Finance Executive,Chennai,04-01-2016,10.6,72000,4,91.7,No,15,3,41,No,No,
EMP0071,Priya MeNon,Female,23,Sales,Sales Executive,Pune,15-01-2023,3.5,59000,4,87.8,Yes,24,5,47,No,No,
EMP0072,Anjali Singh,Male,34,Finance,Financial Analyst,Chennai,29-08-2024,1.9,63000,4,86.2,Yes,43,3,48,No,No,
EMP0073,Rahul Rajan,Male,43,Operations,Operations Analyst,Chennai,07-10-2023,2.8,49500,3,80.3,No,27,3,45,No,No,
EMP0074,Nisha Patel,Female,31,Sales,Business Development Executive,Chennai,17-04-2020,6.3,56500,5,83.5,Yes,5,2,45,No,No,
EMP0075,Gokul Das,Male,49,HR,HR Manager,Hyderabad,13-06-2016,10.1,77500,5,100,No,47,5,44,No,No,
EMP0076,Arun Verma,Male,50,Sales,Sales Executive,Coimbatore,02-12-2020,5.7,57500,2,88.4,No,25,3,45,Yes,No,
EMP0077,Hari Gupta,Female,39,Sales,Sales Manager,Bengaluru,28-05-2025,1.2,52500,4,100,No,44,5,48,Yes,No,
EMP0078,Lavanya Reddy,Male,34,Marketing,Marketing Manager,Madurai,01-11-2016,9.7,75000,1,94.2,Yes,7,4,47,No,Yes,28-05-2024
EMP0079,Sneha Singh,Male,22,IT,IT Manager,Chennai,20-02-2018,8.4,81500,4,91.7,No,26,4,44,No,No,
EMP0080,Sanjay Kumar,Male,49,Operations,Process Associate,Hyderabad,15-05-2024,2.2,44000,2,83.7,Yes,36,4,44,No,Yes,04-12-2025
EMP0081,Vignesh Patel,Male,52,Marketing,Marketing Executive,Chennai,06-09-2021,4.9,65000,3,92,No,27,5,44,No,Yes,11-04-2025
EMP0082,Keerthi Pillai,Male,36,Finance,Financial Analyst,Chennai,14-09-2017,8.9,85500,2,100,No,10,1,40,No,No,
EMP0083,Shalini Balan,Female,39,Operations,Operations Executive,Coimbatore,29-03-2016,10.3,62500,3,100,No,0,4,40,No,No,
EMP0084,Suresh Reddy,Male,47,Sales,Sales Executive,Chennai,08-02-2020,6.5,62500,4,93.5,No,51,3,47,No,No,
EMP0085,Swathi Gupta,Female,45,HR,HR Executive,Chennai,13-12-2021,4.6,53500,2,85.7,Yes,32,3,40,No,No,
EMP0086,Priya Kumar,Male,25,HR,HR Analyst,Hyderabad,27-05-2024,2.2,43000,3,86.7,No,46,4,48,No,No,
EMP0087,Divya Pillai,Male,44,Marketing,Digital Marketing Executive,Coimbatore,02-11-2024,1.7,52500,3,87.3,No,42,3,44,No,No,
EMP0088,Dinesh Krishnan,Male,53,Finance,Accountant,Chennai,30-07-2020,6,59500,5,99,Yes,37,4,48,No,No,
EMP0089,Rahul Kumar,Female,47,Sales,Sales Analyst,Madurai,23-03-2020,6.4,57500,4,100,No,23,3,47,No,Yes,15-02-2023
EMP0090,Keerthi Krishnan,Male,37,IT,Software Analyst,Bengaluru,24-04-2025,1.3,71000,2,93.1,No,35,2,48,Yes,Yes,20-02-2026
EMP0091,Ajay Sharma,Male,39,Sales,Sales Executive,Chennai,08-10-2023,2.8,48000,3,90.3,No,49,4,42,No,No,
EMP0092,MaNoj MeNon,Female,30,Marketing,Marketing Manager,Chennai,03-02-2018,8.5,68000,5,100,No,29,4,46,Yes,No,
EMP0093,Vijay Nair,Female,44,Finance,Finance Executive,Coimbatore,24-10-2022,3.8,55500,4,86.6,Yes,57,3,48,No,No,
EMP0094,Mohan Iyer,Male,29,Finance,Financial Analyst,Coimbatore,25-02-2023,3.4,72000,3,92.3,No,6,5,36,No,No,
EMP0095,Rahul MeNon,Female,32,Sales,Business Development Executive,Pune,04-05-2018,8.2,68500,3,94.5,Yes,4,5,53,No,No,
EMP0096,Arun Singh,Male,30,IT,IT Manager,Madurai,12-10-2025,0.8,72000,3,87.3,No,43,4,55,No,No,
EMP0097,Pooja Kumar,Male,32,Finance,Finance Manager,Chennai,20-12-2018,7.6,69000,3,88.5,Yes,16,4,49,No,No,
EMP0098,Keerthi Gupta,Male,33,HR,HR Executive,Coimbatore,30-06-2021,5.1,53000,2,88.1,No,59,3,48,Yes,No,
EMP0099,Harini Iyer,Male,23,HR,Recruiter,Bengaluru,08-12-2020,5.6,62500,3,99.8,Yes,48,5,47,No,Yes,24-11-2024
EMP0100,Meena MeNon,Male,46,Customer Service,Customer Service Manager,Chennai,03-12-2022,3.7,42000,5,100,Yes,52,5,42,Yes,No,
EMP0101,Pooja MeNon,Female,36,Operations,Process Associate,Coimbatore,06-01-2025,1.6,44000,3,92.6,Yes,41,4,43,No,No,
EMP0102,Meena Kumar,Male,54,Marketing,Marketing Executive,Chennai,07-12-2019,6.7,66500,3,90.5,No,14,3,49,No,No,
EMP0103,Arun Pillai,Female,27,Sales,Business Development Executive,Hyderabad,05-11-2019,6.7,57000,4,88.7,Yes,3,3,39,No,No,
EMP0104,Ajay Singh,Female,44,Customer Service,Customer Support Analyst,Hyderabad,07-07-2023,3.1,46500,5,92,Yes,50,4,39,No,No,
EMP0105,Hari Iyer,Female,27,Operations,Operations Analyst,Madurai,10-07-2025,1.1,49500,3,89,Yes,6,4,42,No,No,
EMP0106,Nisha Singh,Female,40,Marketing,Digital Marketing Executive,Pune,02-02-2025,1.5,56500,4,91.5,Yes,52,3,47,No,No,
EMP0107,Rahul MeNon,Female,38,Finance,Finance Manager,Pune,12-07-2023,3.1,62000,3,94.3,No,38,3,40,No,No,
EMP0108,Sneha Kumar,Female,36,Sales,Sales Executive,Chennai,12-01-2023,3.6,58000,3,89.8,No,27,5,43,No,No,
EMP0109,Hari Nair,Male,43,HR,Recruiter,Madurai,09-09-2023,2.9,47000,3,91,Yes,35,2,43,Yes,No,
EMP0110,Deepa Das,Male,49,Operations,Process Associate,Coimbatore,11-05-2025,1.2,39500,3,91,Yes,35,2,39,No,No,
EMP0111,Arun Krishnan,Male,32,Finance,Finance Executive,Chennai,08-02-2016,10.5,87000,3,90.3,Yes,25,2,35,No,No,
EMP0112,Priya Nair,Male,50,Sales,Sales Analyst,Madurai,20-11-2021,4.7,48500,4,89.6,No,49,2,39,No,No,
EMP0113,Sanjay Singh,Male,27,Sales,Sales Executive,Chennai,04-05-2016,10.2,63000,3,96.2,Yes,49,5,45,No,No,
EMP0114,Nisha Iyer,Female,31,IT,IT Support Executive,Pune,09-10-2021,4.8,71000,3,82.3,Yes,30,5,46,No,No,
EMP0115,Kavya Nair,Male,31,Sales,Sales Manager,Madurai,12-12-2019,6.6,67500,4,100,Yes,19,3,46,No,No,
EMP0116,Vignesh Krishnan,Female,54,Operations,Operations Manager,Bengaluru,17-01-2019,7.5,64500,3,92.7,Yes,48,4,47,No,No,
EMP0117,Lavanya Patel,Male,25,Marketing,Marketing Manager,Madurai,28-11-2024,1.7,55000,4,95.4,No,0,3,41,No,No,
EMP0118,Vignesh Nair,Male,34,Marketing,Digital Marketing Executive,Chennai,05-02-2023,3.5,47000,4,96,Yes,35,2,40,No,No,
EMP0119,Meena Nair,Male,35,Finance,Finance Executive,Hyderabad,03-09-2021,4.9,60500,3,88.1,No,39,5,46,No,No,
EMP0120,Pooja MeNon,Male,49,IT,Software Analyst,Chennai,26-10-2024,1.8,67500,2,87,No,16,5,43,No,No,
EMP0121,Priya Das,Male,38,IT,IT Support Executive,Chennai,23-12-2016,9.6,84500,3,86.3,No,43,4,49,No,No,
EMP0122,Vignesh Singh,Male,54,IT,Software Analyst,Madurai,18-06-2022,4.1,75000,4,90.6,Yes,28,3,46,Yes,No,
EMP0123,Sanjay MeNon,Male,46,HR,Recruiter,Bengaluru,24-07-2017,9,57500,5,95.8,No,20,3,50,Yes,No,
EMP0124,Harini MeNon,Male,45,Finance,Financial Analyst,Madurai,01-05-2018,8.3,80000,4,88.8,No,42,3,42,No,No,
EMP0125,MaNoj Kumar,Male,47,HR,HR Manager,Chennai,07-11-2017,8.7,69500,4,95.3,No,12,3,49,Yes,No,
EMP0126,Prakash Patel,Male,26,IT,Data Analyst,Madurai,10-06-2021,5.1,87000,2,79,No,41,4,54,No,No,
EMP0127,Lavanya Iyer,Male,36,Sales,Sales Analyst,Chennai,16-04-2022,4.3,56500,3,89.9,Yes,0,3,44,Yes,No,
EMP0128,Kavya Gupta,Male,41,Sales,Sales Executive,Chennai,24-07-2023,3,53000,5,98.4,No,32,2,46,Yes,No,
EMP0129,Karthik Nair,Male,28,HR,HR Executive,Coimbatore,28-05-2020,6.2,57000,3,91.1,No,29,5,39,No,No,
EMP0130,Aishwarya Nair,Male,25,IT,IT Manager,Chennai,24-05-2025,1.2,60000,4,87.4,Yes,20,4,48,No,No,
EMP0131,Vignesh Das,Male,25,Sales,Sales Analyst,Chennai,26-09-2019,6.8,63000,4,88.4,Yes,34,4,50,No,Yes,25-06-2022
EMP0132,Prakash Das,Female,48,Customer Service,Team Leader,Bengaluru,26-07-2017,9,71500,4,75.3,No,27,3,42,No,No,
EMP0133,Priya Gupta,Female,43,IT,IT Manager,Bengaluru,13-05-2016,10.2,92500,3,86.4,Yes,44,2,47,Yes,No,
EMP0134,Ajay Patel,Female,30,Finance,Finance Executive,Chennai,10-04-2017,9.3,75500,3,97.8,No,36,3,45,Yes,No,
EMP0135,Mohan Nair,Male,46,IT,Software Analyst,Madurai,14-06-2020,6.1,82000,5,88.8,No,35,3,46,No,Yes,17-06-2026
EMP0136,Ajay MeNon,Male,45,HR,HR Analyst,Chennai,17-02-2020,6.5,62000,4,89.4,No,32,4,48,Yes,No,
EMP0137,Pooja Krishnan,Male,49,Customer Service,Customer Support Analyst,Pune,17-07-2024,2,40000,4,79.2,Yes,21,4,47,No,No,
EMP0138,Rahul Pillai,Female,52,IT,Data Analyst,Chennai,03-04-2017,9.3,96500,3,83,No,23,4,43,Yes,No,
EMP0139,Hari MeNon,Female,51,Operations,Operations Executive,Chennai,16-08-2018,8,63500,3,98.5,No,32,4,48,No,No,
EMP0140,Gokul Reddy,Female,27,HR,Recruiter,Madurai,21-10-2025,0.8,39000,4,95.4,No,25,5,50,No,No,
EMP0141,Arun Sharma,Female,47,IT,Data Analyst,Chennai,14-04-2016,10.3,105000,4,84.9,Yes,45,4,41,No,No,
EMP0142,Vignesh Pillai,Male,34,IT,Data Analyst,Chennai,29-03-2020,6.3,84500,4,88.5,Yes,29,4,44,Yes,No,
EMP0143,Rahul Krishnan,Female,35,Customer Service,Customer Support Analyst,Chennai,25-12-2017,8.6,53000,3,91.8,Yes,34,4,35,Yes,Yes,13-07-2024
EMP0144,Keerthi Rajan,Female,43,IT,Data Analyst,Bengaluru,03-05-2021,5.2,86500,2,85.4,Yes,7,1,47,No,No,
EMP0145,Aishwarya Singh,Male,42,IT,Software Analyst,Coimbatore,26-09-2025,0.8,80500,4,81,No,42,3,50,No,Yes,05-06-2026
EMP0146,Vijay Das,Female,35,Sales,Sales Analyst,Bengaluru,09-04-2018,8.3,69500,2,91.1,Yes,19,3,43,No,No,
EMP0147,Lavanya Iyer,Male,55,Sales,Business Development Executive,Bengaluru,14-09-2019,6.9,55500,3,95.1,Yes,12,4,45,No,Yes,01-07-2024
EMP0148,Hari Krishnan,Female,27,IT,IT Support Executive,Madurai,28-06-2020,6.1,77500,3,95.3,No,53,3,43,No,No,
EMP0149,Hari MeNon,Female,24,Finance,Finance Executive,Pune,26-12-2023,2.6,63000,4,96.8,Yes,38,4,42,No,No,
EMP0150,Deepa Iyer,Male,22,HR,HR Manager,Bengaluru,06-11-2025,0.7,38500,5,83.5,Yes,43,4,45,No,No,
EMP0151,Divya Pillai,Female,49,Operations,Operations Manager,Hyderabad,18-12-2016,9.6,57500,2,92.3,No,35,5,40,Yes,No,
EMP0152,Meena Pillai,Male,35,Operations,Operations Executive,Bengaluru,20-11-2020,5.7,58500,5,90.5,No,27,5,43,No,No,
EMP0153,Suresh Iyer,Female,36,Sales,Sales Analyst,Madurai,12-07-2023,3.1,56000,3,91.5,No,24,2,39,No,No,
EMP0154,Arun Singh,Female,43,IT,Data Analyst,Chennai,02-02-2016,10.5,109000,4,90.8,No,40,2,47,No,No,
EMP0155,Vignesh Verma,Female,36,HR,HR Analyst,Madurai,23-01-2024,2.5,44500,2,88.4,Yes,45,5,45,No,No,
EMP0156,Meena Singh,Female,41,Marketing,Marketing Executive,Chennai,04-06-2018,8.2,75000,4,75.4,No,27,4,42,No,No,
EMP0157,Sanjay Pillai,Male,23,Sales,Sales Executive,Madurai,08-03-2021,5.4,47000,3,98.4,No,59,4,44,No,Yes,05-05-2026
EMP0158,Hari Iyer,Male,26,Marketing,Marketing Analyst,Chennai,14-10-2025,0.8,46500,3,93.8,No,25,3,43,Yes,Yes,24-01-2026
EMP0159,Ravi Krishnan,Male,53,Marketing,Marketing Manager,Chennai,09-05-2022,4.2,55000,2,83.8,No,7,3,50,Yes,No,
EMP0160,Arun Das,Male,36,Marketing,Digital Marketing Executive,Pune,22-11-2025,0.7,54000,4,94.6,No,2,1,42,No,No,
EMP0161,Aishwarya Patel,Male,26,HR,HR Manager,Bengaluru,13-01-2022,4.5,59500,4,89.5,No,3,3,47,Yes,Yes,17-06-2026
EMP0162,Dinesh Krishnan,Male,33,Customer Service,Customer Service Executive,Coimbatore,07-02-2018,8.5,58000,3,89.7,No,22,3,40,No,No,
EMP0163,Pooja Kumar,Male,32,Sales,Sales Analyst,Madurai,05-12-2022,3.7,46500,5,87.8,Yes,25,3,48,No,No,
EMP0164,Pooja Iyer,Male,30,HR,Recruiter,Coimbatore,25-02-2022,4.4,55000,4,95,No,38,3,49,No,No,
EMP0165,Mohan Iyer,Female,31,IT,Data Analyst,Hyderabad,09-02-2019,7.5,96000,3,87.6,Yes,28,5,49,Yes,No,
EMP0166,Harini Sharma,Male,46,Finance,Accountant,Bengaluru,07-10-2016,9.8,68000,5,86,No,41,3,51,No,No,
EMP0167,Gokul Kumar,Female,24,Operations,Operations Analyst,Coimbatore,25-06-2022,4.1,45500,3,98.2,No,29,4,45,No,No,
EMP0168,Sanjay Patel,Male,31,Operations,Operations Executive,Madurai,10-10-2021,4.8,61000,3,91,Yes,28,4,50,No,No,
EMP0169,Sneha Iyer,Male,37,Sales,Business Development Executive,Madurai,27-09-2023,2.8,51500,4,91.2,Yes,19,4,52,No,Yes,11-02-2025
EMP0170,Priya Sharma,Male,39,Customer Service,Customer Service Manager,Bengaluru,04-04-2017,9.3,53500,4,95.8,No,49,3,38,No,No,
EMP0171,Nisha Rajan,Male,51,Sales,Sales Executive,Pune,22-05-2021,5.2,55500,1,88.3,Yes,5,5,41,No,Yes,12-03-2026
EMP0172,Harini Gupta,Male,53,IT,Data Analyst,Madurai,09-03-2024,2.4,82500,3,89.4,Yes,33,4,37,No,No,
EMP0173,MaNoj Sharma,Male,31,Sales,Sales Manager,Madurai,29-11-2024,1.7,47000,2,93.7,Yes,25,2,49,No,No,
EMP0174,Harini Krishnan,Male,39,Customer Service,Customer Service Manager,Madurai,25-05-2025,1.2,31000,5,83.5,No,40,3,36,No,No,
EMP0175,Sneha Kumar,Male,21,Sales,Business Development Executive,Madurai,13-02-2018,8.5,75500,5,93.2,Yes,28,3,35,No,No,
EMP0176,Hari Kumar,Female,42,HR,HR Analyst,Pune,23-09-2017,8.9,69500,4,87.8,No,28,3,39,No,No,
EMP0177,Hari Singh,Male,26,Finance,Finance Executive,Bengaluru,05-10-2021,4.8,61000,3,96.7,No,24,4,35,No,No,
EMP0178,Gokul Patel,Female,23,Customer Service,Customer Service Manager,Madurai,17-08-2020,6,49500,3,95,Yes,49,4,45,No,No,
EMP0179,Kavya Das,Male,44,Operations,Process Associate,Madurai,06-05-2018,8.2,63500,3,94.3,No,28,4,39,No,No,
EMP0180,Harini Krishnan,Female,27,Marketing,Marketing Analyst,Madurai,07-01-2017,9.6,66000,5,83.2,Yes,58,4,36,No,No,
EMP0181,Sanjay Nair,Female,37,Operations,Process Associate,Chennai,08-06-2017,9.1,65500,3,91.4,Yes,32,3,44,Yes,No,
EMP0182,MaNoj Rajan,Female,24,Operations,Operations Analyst,Coimbatore,23-05-2019,7.2,56500,1,85.5,No,28,1,44,Yes,Yes,11-03-2022
EMP0183,Nisha Gupta,Female,47,IT,Software Analyst,Hyderabad,25-05-2023,3.2,79500,4,91.8,Yes,26,4,35,Yes,No,
EMP0184,Rahul Rajan,Male,47,Sales,Business Development Executive,Unknown,25-08-2016,9.9,65500,5,79.3,No,36,4,40,Yes,No,
EMP0185,Pooja Balan,Male,41,Operations,Process Associate,Chennai,19-01-2017,9.5,60000,5,83.5,No,19,2,44,No,Yes,29-04-2022
EMP0186,Harini Das,Male,50,Marketing,Marketing Analyst,Bengaluru,24-08-2018,7.9,74000,4,98.5,Yes,30,4,42,No,No,
EMP0187,Keerthi Nair,Female,36,Finance,Accountant,Bengaluru,26-09-2024,1.8,55000,5,94,No,28,4,42,Yes,No,
EMP0188,Ajay Nair,Female,27,HR,HR Analyst,Chennai,26-11-2025,0.7,45000,3,90.1,No,33,5,50,No,Yes,23-05-2026
EMP0189,Divya Patel,Male,26,Marketing,Marketing Executive,Bengaluru,26-05-2020,6.2,53000,2,87,Yes,33,4,55,No,Yes,17-03-2025
EMP0190,Vijay Das,Female,28,Sales,Business Development Executive,Coimbatore,11-06-2016,10.1,68500,3,86,No,34,4,42,No,Yes,03-02-2020
EMP0191,Mohan Pillai,Male,28,Customer Service,Customer Service Executive,Hyderabad,13-02-2016,10.5,61000,4,93.1,No,29,4,37,No,Yes,22-03-2022
EMP0192,Gokul Nair,Female,32,Sales,Sales Manager,Chennai,03-08-2024,2,49000,3,90.1,No,52,3,43,No,No,
EMP0193,Vignesh Pillai,Female,28,HR,HR Executive,Chennai,12-06-2020,6.1,48000,3,100,No,34,4,45,Yes,No,
EMP0194,Swathi Iyer,Male,41,Operations,Operations Manager,Coimbatore,09-10-2016,9.8,70500,3,91,No,67,3,44,No,Yes,30-07-2025
EMP0195,Aishwarya Sharma,Female,26,Sales,Business Development Executive,Chennai,02-05-2024,2.2,52500,3,92.3,Yes,29,5,47,No,No,
EMP0196,Ravi Reddy,Female,42,Sales,Sales Manager,Madurai,16-04-2021,5.3,62500,5,84.4,Yes,42,2,55,Yes,No,
EMP0197,Shalini Pillai,Male,32,IT,IT Support Executive,Hyderabad,01-07-2019,7.1,71500,5,90,No,17,4,35,No,No,
EMP0198,Prakash Reddy,Male,45,Operations,Process Associate,Chennai,09-07-2020,6.1,46500,3,93,No,49,3,41,No,No,
EMP0199,Rahul Balan,Male,38,Sales,Business Development Executive,Madurai,02-04-2018,8.3,62000,4,89.9,No,17,4,52,Yes,No,
EMP0200,Shalini Reddy,Female,52,Sales,Business Development Executive,Pune,25-04-2025,1.3,43500,3,89.3,Yes,35,3,41,No,No,
EMP0201,Dinesh Gupta,Male,36,Operations,Operations Executive,Coimbatore,17-11-2023,2.7,54500,4,93.8,No,24,3,48,Yes,Yes,21-02-2025
EMP0202,Divya Gupta,Female,31,Customer Service,Team Leader,Coimbatore,28-12-2017,8.6,55500,5,100,Yes,35,3,47,Yes,Yes,16-04-2026
EMP0203,Swathi Krishnan,Female,41,IT,IT Manager,Coimbatore,08-05-2023,3.2,68500,2,92.8,Yes,24,4,50,Yes,Yes,22-12-2025
EMP0204,Sneha MeNon,Male,44,Sales,Sales Analyst,Chennai,18-10-2017,8.8,72500,4,98.3,No,16,2,54,No,No,
EMP0205,Suresh Reddy,Male,36,HR,Recruiter,Chennai,13-07-2020,6.1,56000,4,95.4,Yes,24,4,46,No,No,
EMP0206,Swathi Pillai,Female,40,Sales,Sales Executive,Bengaluru,28-06-2023,3.1,55000,4,98,No,51,2,35,No,No,
EMP0207,Sanjay Das,Female,37,HR,HR Manager,Madurai,12-05-2016,10.2,61000,5,88.6,No,35,3,40,No,No,
EMP0208,Ajay Patel,Male,31,Marketing,Digital Marketing Executive,Chennai,05-04-2023,3.3,48500,5,90.9,No,9,2,55,No,No,
EMP0209,Keerthi Verma,Male,31,HR,Recruiter,Chennai,05-04-2018,8.3,68000,3,90.9,No,44,4,37,Yes,No,
EMP0210,Pooja MeNon,Male,52,IT,IT Manager,Hyderabad,29-12-2022,3.6,72000,4,95,No,15,4,46,No,No,
EMP0211,Meena Das,Female,44,Marketing,Marketing Executive,Chennai,28-12-2020,5.6,61000,4,96.4,No,39,4,35,No,No,
EMP0212,Pooja Krishnan,Male,24,IT,Data Analyst,Bengaluru,05-04-2016,10.3,96000,3,92.7,No,36,5,37,No,No,
EMP0213,Meena Patel,Female,54,Sales,Business Development Executive,Madurai,15-08-2023,3,53500,4,96.8,No,37,3,48,No,No,
EMP0214,Ravi Singh,Male,45,Operations,Operations Executive,Coimbatore,07-08-2018,8,59500,4,88.9,Yes,56,4,44,No,No,
EMP0215,Suresh Rajan,Female,22,Marketing,Marketing Manager,Chennai,10-07-2025,1.1,54000,4,96.9,Yes,16,3,42,No,No,
EMP0216,Swathi Gupta,Male,46,Marketing,Marketing Analyst,Chennai,26-05-2024,2.2,64000,3,97.6,No,37,3,40,No,No,
EMP0217,Arun MeNon,Male,41,HR,Recruiter,Coimbatore,05-12-2017,8.7,64500,3,95.7,Yes,47,5,35,No,No,
EMP0218,Prakash Gupta,Female,53,HR,Recruiter,Bengaluru,03-01-2022,4.6,49000,3,92.7,No,18,5,47,No,No,
EMP0219,Shalini Nair,Female,38,Customer Service,Team Leader,Chennai,15-08-2019,7,52500,3,95.9,Yes,17,3,43,No,No,
EMP0220,Divya Pillai,Male,39,Finance,Finance Manager,Madurai,08-01-2022,4.6,54500,4,87.1,No,24,4,36,Yes,No,
EMP0221,Sanjay Patel,Male,32,Sales,Sales Analyst,Madurai,27-07-2021,5,63000,4,93.1,Yes,33,4,44,Yes,No,
EMP0222,Shalini Patel,Male,32,IT,Software Analyst,Chennai,16-12-2018,7.6,86500,4,93.7,No,7,4,47,Yes,No,
EMP0223,Mohan Pillai,Male,42,Marketing,Marketing Analyst,Coimbatore,07-07-2022,4.1,55000,3,84.7,Yes,36,4,43,No,No,
EMP0224,Aishwarya MeNon,Male,49,Customer Service,Team Leader,Chennai,08-08-2018,8,69000,3,94.6,No,7,3,45,Yes,No,
EMP0225,Sneha Pillai,Female,52,Sales,Business Development Executive,Coimbatore,27-01-2025,1.5,55500,5,85.1,No,47,1,44,No,No,
EMP0226,Ajay MeNon,Male,47,Customer Service,Customer Service Manager,Chennai,19-06-2025,1.1,37000,3,89.6,Yes,36,5,40,No,Yes,26-07-2026
EMP0227,Hari Iyer,Female,42,HR,HR Analyst,Coimbatore,29-08-2017,8.9,63500,3,92.2,Yes,57,3,44,No,Yes,08-01-2026
EMP0228,Hari Patel,Male,38,IT,IT Manager,Madurai,12-04-2023,3.3,71000,3,88,No,38,3,48,No,No,
EMP0229,Ravi Gupta,Male,32,IT,Software Analyst,Madurai,18-04-2025,1.3,72000,4,92.5,No,23,3,49,Yes,No,
EMP0230,Deepa Reddy,Female,47,HR,HR Executive,Madurai,08-04-2017,9.3,63500,5,92.4,Yes,16,3,48,No,No,
EMP0231,Arun Krishnan,Male,32,Sales,Sales Executive,Pune,25-05-2023,3.2,53000,4,87.5,No,32,4,41,No,Yes,23-12-2024
EMP0232,Mohan Rajan,Female,30,Finance,Finance Manager,Coimbatore,18-05-2025,1.2,54000,3,95.1,Yes,28,3,47,No,Yes,16-07-2026
EMP0233,Mohan Patel,Male,51,Customer Service,Customer Service Executive,Hyderabad,02-04-2018,8.3,62500,3,87.8,Yes,46,3,46,No,No,
EMP0234,Deepa Gupta,Female,41,IT,IT Support Executive,Chennai,28-10-2021,4.8,70500,5,100,No,14,4,40,No,No,
EMP0235,Deepa Pillai,Female,33,Customer Service,Customer Service Manager,Madurai,24-12-2023,2.6,47000,4,91.4,Yes,58,3,42,No,No,
EMP0236,Rahul Nair,Female,51,Operations,Process Associate,Chennai,02-05-2019,7.2,54500,3,85.6,No,47,4,47,No,No,
EMP0237,Priya Rajan,Male,54,Finance,Finance Manager,Madurai,18-05-2018,8.2,73500,5,86.6,Yes,25,2,51,No,Yes,21-11-2023
EMP0238,Nisha Kumar,Male,32,Operations,Operations Executive,Bengaluru,21-12-2019,6.6,58000,3,92.03869863,No,55,3,35,No,Yes,25-05-2023
EMP0239,Nisha Sharma,Male,39,HR,HR Analyst,Hyderabad,10-05-2019,7.2,62500,5,89.7,No,16,4,52,No,Yes,27-01-2026
EMP0240,Divya Gupta,Male,37,HR,Recruiter,Coimbatore,03-04-2023,3.3,51500,5,84.5,Yes,31,3,50,No,No,
EMP0241,Mohan Singh,Male,45,Operations,Operations Manager,Bengaluru,17-09-2019,6.9,62000,3,96.7,No,9,2,45,No,No,
EMP0242,Pooja Nair,Male,54,Operations,Operations Manager,Chennai,06-10-2019,6.8,72500,4,89.7,No,56,3,43,No,No,
EMP0243,MaNoj Balan,Male,40,Sales,Sales Manager,Chennai,12-06-2025,1.1,52500,4,95.6,Yes,3,3,46,Yes,No,
EMP0244,Swathi Balan,Male,48,IT,Data Analyst,Hyderabad,15-10-2021,4.8,92000,5,97.1,No,6,3,41,Yes,No,
EMP0245,MaNoj Patel,Male,41,IT,Software Analyst,Chennai,17-04-2025,1.3,78000,3,93.5,Yes,18,3,43,No,No,
EMP0246,Gokul Verma,Male,52,Operations,Operations Analyst,Chennai,08-02-2023,3.5,61000,5,100,Yes,48,2,37,No,No,
EMP0247,Vijay Singh,Male,35,IT,Data Analyst,Pune,07-11-2024,1.7,203000,3,82.5,No,42,4,35,No,No,
EMP0248,Aishwarya Iyer,Female,34,Finance,Finance Executive,Pune,14-12-2017,8.6,78500,2,87.5,Yes,30,5,56,No,No,
EMP0249,Mohan Verma,Male,35,Finance,Finance Manager,Coimbatore,20-05-2025,1.2,48500,3,90.6,No,43,1,44,No,No,
EMP0250,Anjali Rajan,Male,55,Finance,Finance Executive,Madurai,11-06-2025,1.1,50500,3,100,No,26,2,45,No,No,
EMP0251,Vignesh Pillai,Male,42,Marketing,Digital Marketing Executive,Hyderabad,28-05-2016,10.2,76000,2,100,No,34,4,44,No,Yes,29-01-2023
EMP0252,Shalini MeNon,Female,26,Operations,Operations Executive,Chennai,25-07-2019,7,67500,4,99.1,Yes,53,5,40,No,No,
EMP0253,Rahul Verma,Male,22,Finance,Finance Executive,Madurai,18-02-2020,6.5,61500,4,87.6,Yes,24,1,42,Yes,No,
EMP0254,Sneha Rajan,Female,39,Sales,Sales Analyst,Madurai,11-03-2020,6.4,57500,4,88.3,No,17,4,44,No,No,
EMP0255,Deepa Patel,Female,49,Sales,Sales Executive,Pune,14-10-2023,2.8,50500,3,87.4,Yes,35,5,43,No,Yes,05-01-2026
EMP0256,Gokul Verma,Male,37,Marketing,Marketing Executive,Pune,26-12-2022,3.6,54500,3,87.7,No,39,3,40,No,No,
EMP0257,Prakash Gupta,Female,40,Operations,Process Associate,Bengaluru,16-02-2018,8.5,66500,3,100,No,30,5,46,Yes,Yes,09-06-2024
EMP0258,Dinesh Verma,Female,48,HR,HR Manager,Chennai,01-02-2022,4.5,69000,4,90.7,No,43,3,45,No,No,
EMP0259,Lavanya Nair,Male,39,HR,Recruiter,Coimbatore,30-09-2025,0.8,44000,4,91.4,No,25,4,46,Yes,No,
EMP0260,Ajay MeNon,Male,52,IT,IT Manager,Chennai,26-05-2020,6.2,75000,4,96.3,Yes,30,3,48,No,Yes,06-10-2023
EMP0261,Shalini Patel,Female,43,Sales,Sales Executive,Hyderabad,13-04-2025,1.3,40500,2,82.9,Yes,34,4,43,No,No,
EMP0262,Anjali Nair,Female,46,Operations,Operations Analyst,Chennai,01-07-2022,4.1,53000,3,92.03869863,No,32,4,43,No,No,
EMP0263,Aishwarya Reddy,Male,48,Sales,Business Development Executive,Chennai,01-04-2025,1.3,44500,4,86,No,52,5,51,No,No,
EMP0264,Anjali Krishnan,Male,42,Sales,Sales Executive,Bengaluru,11-01-2025,1.6,49500,4,90.4,Yes,34,5,39,No,No,
EMP0265,Keerthi Reddy,Female,22,Customer Service,Team Leader,Madurai,01-03-2016,10.4,74500,5,88.8,Yes,23,3,35,Yes,Yes,20-06-2026
EMP0266,Hari Iyer,Male,35,Sales,Sales Executive,Hyderabad,02-01-2024,2.6,47500,5,88.5,No,36,5,47,No,Yes,22-04-2026
EMP0267,Sneha Gupta,Female,25,Sales,Sales Analyst,Chennai,21-11-2017,8.7,74500,4,93.2,Yes,43,5,41,No,No,
EMP0268,Sanjay Pillai,Male,38,Sales,Sales Analyst,Hyderabad,30-03-2024,2.3,45500,4,93.2,No,40,4,39,No,No,
EMP0269,Vignesh Patel,Female,26,HR,HR Analyst,Chennai,30-01-2024,2.5,48000,2,90.8,Yes,39,2,48,No,Yes,25-10-2025
EMP0270,Kavya Gupta,Female,38,HR,HR Manager,Chennai,01-08-2018,8,65500,4,94,No,6,2,43,Yes,No,
EMP0271,Arun Gupta,Female,33,HR,HR Manager,Madurai,29-08-2016,9.9,72000,2,87.2,No,0,2,38,No,No,
EMP0272,Sneha Iyer,Female,21,Sales,Sales Manager,Chennai,12-03-2020,6.4,65500,3,95.7,No,47,2,54,Yes,No,
EMP0273,MaNoj Krishnan,Female,25,HR,Recruiter,Coimbatore,11-01-2019,7.6,61500,5,90.9,No,35,5,36,Yes,Yes,28-06-2024
EMP0274,Ravi Pillai,Female,38,IT,Software Analyst,Chennai,16-07-2021,5,89000,4,89.3,Yes,28,4,44,No,No,
EMP0275,Aishwarya Balan,Female,23,Marketing,Marketing Executive,Chennai,26-10-2016,9.8,68500,3,87.6,No,38,3,35,Yes,No,
EMP0276,Aishwarya Kumar,Male,50,Finance,Financial Analyst,Bengaluru,10-06-2016,10.1,86500,4,90.7,No,57,3,45,Yes,No,
EMP0277,Prakash MeNon,Female,47,Sales,Business Development Executive,Chennai,15-05-2020,6.2,65500,3,100,No,49,3,41,No,No,
EMP0278,Sneha Balan,Male,45,IT,Software Analyst,Bengaluru,13-09-2023,2.9,85500,3,91.7,No,42,4,48,No,No,
EMP0279,Divya MeNon,Female,27,Operations,Operations Analyst,Bengaluru,24-02-2019,7.4,55500,5,85.7,No,15,3,44,No,No,
EMP0280,Pooja Kumar,Female,48,Operations,Process Associate,Chennai,27-03-2019,7.3,55500,4,97.1,Yes,17,4,51,No,No,
EMP0281,Nisha Sharma,Male,43,HR,Recruiter,Bengaluru,22-08-2017,8.9,66500,4,89.4,No,0,4,42,Yes,No,
EMP0282,Vignesh Gupta,Male,34,Sales,Sales Manager,Chennai,29-10-2018,7.8,51500,3,93.6,No,38,3,36,No,No,
EMP0283,Harini Reddy,Male,21,Sales,Sales Executive,Madurai,27-12-2018,7.6,65000,3,88.7,No,29.74814815,5,45,No,No,
EMP0284,Meena Pillai,Female,39,Sales,Sales Manager,Chennai,05-08-2018,8,68500,5,99,No,46,3,43,Yes,No,
EMP0285,Meena Singh,Male,48,IT,IT Support Executive,Hyderabad,09-06-2019,7.1,71500,4,88.8,No,38,2,35,No,No,
EMP0286,Karthik Gupta,Male,22,Finance,Accountant,Coimbatore,01-11-2018,7.7,68000,1,99.7,Yes,26,4,39,No,No,
EMP0287,Divya Kumar,Female,22,HR,Recruiter,Coimbatore,23-10-2022,3.8,45000,5,86.2,No,20,3,40,Yes,No,
EMP0288,Prakash Gupta,Female,34,Finance,Finance Manager,Pune,19-05-2019,7.2,66500,4,90.4,No,16,4,52,No,No,
EMP0289,Shalini Gupta,Male,38,IT,Data Analyst,Madurai,20-07-2023,3,80000,4,99.7,Yes,26,2,48,No,No,
EMP0290,Karthik Patel,Male,37,HR,HR Analyst,Hyderabad,18-01-2022,4.5,50500,4,92.9,No,13,4,42,No,Yes,03-11-2023
EMP0291,Mohan Nair,Female,35,Operations,Operations Analyst,Bengaluru,28-05-2022,4.2,51500,4,100,No,54,5,46,Yes,No,
EMP0292,Aishwarya Verma,Female,29,HR,HR Manager,Pune,01-11-2021,4.7,53000,4,90.5,No,8,2,35,No,No,
EMP0293,Vignesh Balan,Female,23,Customer Service,Customer Service Executive,Pune,25-03-2025,1.4,34000,3,93.4,No,25,4,41,Yes,Yes,06-05-2026
EMP0294,Aishwarya Das,Male,22,HR,HR Manager,Pune,23-07-2018,8,71000,2,100,No,0,3,46,No,No,
EMP0295,Rahul Singh,Male,24,Operations,Process Associate,Chennai,28-10-2025,0.8,41000,4,83.7,Yes,32,5,45,Yes,No,
EMP0296,Vignesh Verma,Male,45,Operations,Operations Analyst,Hyderabad,24-01-2018,8.5,67500,5,83,Yes,28,5,41,No,Yes,31-01-2026
EMP0297,Anjali Balan,Female,48,Customer Service,Team Leader,Hyderabad,19-05-2017,9.2,67000,3,87.6,No,23,4,44,No,No,
EMP0298,Meena Singh,Male,36,Operations,Process Associate,Bengaluru,06-04-2024,2.3,44000,3,96.5,No,14,2,46,No,No,
EMP0299,Keerthi Reddy,Male,23,Operations,Process Associate,Chennai,16-12-2024,1.6,37000,5,83.1,Yes,28,2,44,Yes,No,
EMP0300,Hari Sharma,Female,35,IT,Data Analyst,Pune,04-12-2016,9.7,92500,3,95.3,Yes,20,4,48,No,No,
EMP0301,Suresh Gupta,Female,55,Operations,Operations Executive,Chennai,31-12-2021,4.6,50500,3,94.9,No,26,2,46,No,Yes,29-06-2026
EMP0302,Hari Gupta,Female,29,HR,Recruiter,Coimbatore,16-02-2021,5.5,55000,3,100,No,57,2,47,Yes,Yes,08-01-2025
EMP0303,Vignesh Patel,Male,38,IT,Software Analyst,Coimbatore,15-03-2018,8.4,98000,3,97.8,No,31,3,53,No,No,
EMP0304,Anjali Nair,Male,39,IT,Software Analyst,Chennai,16-03-2021,5.4,77500,2,94,No,36,4,48,No,No,
EMP0305,Pooja Iyer,Male,32,Operations,Process Associate,Bengaluru,10-11-2022,3.7,47500,3,99.5,No,21,4,53,No,No,
EMP0306,Nisha Rajan,Male,36,Finance,Accountant,Chennai,28-09-2021,4.8,56500,4,95,No,16,3,41,No,No,
EMP0307,Nisha Pillai,Male,37,Finance,Finance Executive,Bengaluru,13-03-2021,5.4,63000,4,89.5,No,28,4,36,No,No,
EMP0308,Ajay Balan,Male,37,IT,Software Analyst,Hyderabad,09-11-2024,1.7,80500,4,85.7,No,66,3,43,No,Yes,31-07-2026
EMP0309,Ajay Singh,Female,46,Sales,Sales Executive,Madurai,03-04-2018,8.3,62500,5,88.9,Yes,24,4,43,No,No,
EMP0310,Keerthi Sharma,Female,41,HR,HR Executive,Bengaluru,29-03-2022,4.3,53000,5,91.8,No,33,3,51,No,No,
EMP0311,Ravi Rajan,Female,22,IT,Data Analyst,Chennai,02-03-2019,7.4,100000,4,93,Yes,16,4,38,No,No,
EMP0312,Sneha Krishnan,Male,21,Finance,Financial Analyst,Hyderabad,26-09-2025,0.8,60000,3,80.3,No,0,5,44,Yes,No,
EMP0313,Sneha Iyer,Male,35,Sales,Sales Analyst,Pune,07-07-2018,8.1,60500,3,90.8,Yes,16,3,46,No,No,
EMP0314,Pooja Patel,Male,52,Finance,Accountant,Chennai,18-09-2024,1.9,55500,3,92.2,Yes,64,3,45,No,No,
EMP0315,Divya Pillai,Male,22,Finance,Finance Executive,Bengaluru,28-04-2022,4.3,57500,4,95,Yes,37,2,43,No,No,
EMP0316,Lavanya Das,Male,23,Sales,Sales Manager,Coimbatore,23-02-2018,8.4,66500,4,100,Yes,53,1,46,No,No,
EMP0317,Swathi Gupta,Male,44,Finance,Accountant,Coimbatore,03-08-2023,3,60000,4,93,No,23,3,49,No,No,
EMP0318,Harini Sharma,Female,36,Marketing,Marketing Analyst,Bengaluru,31-05-2018,8.2,61000,3,87,No,0,3,52,Yes,No,
EMP0319,Rahul Nair,Male,29,Sales,Sales Executive,Coimbatore,16-08-2018,8,64500,4,82,No,11,2,44,No,No,
EMP0320,Meena Verma,Female,28,Customer Service,Customer Support Analyst,Coimbatore,13-06-2019,7.1,53000,5,95.8,No,34,3,40,No,No,
EMP0321,Swathi Gupta,Male,44,Customer Service,Customer Service Manager,Chennai,26-10-2022,3.8,47500,4,87.2,No,32,5,52,No,No,
EMP0322,Sanjay Krishnan,Male,39,IT,IT Manager,Madurai,01-12-2019,6.7,83000,3,96.8,Yes,28,4,39,No,No,
EMP0323,Vignesh Das,Male,43,Sales,Sales Analyst,Hyderabad,10-09-2021,4.9,58000,3,99.7,No,20,2,53,No,No,
EMP0324,Aishwarya Nair,Male,30,IT,IT Manager,Chennai,13-07-2021,5.1,74000,3,83.5,Yes,42,3,51,No,No,
EMP0325,Anjali Das,Male,39,Operations,Operations Manager,Coimbatore,19-12-2017,8.6,70500,3,95,Yes,20,4,51,No,No,
EMP0326,Lavanya Kumar,Female,51,Marketing,Marketing Executive,Chennai,29-04-2018,8.3,63500,4,99.1,Yes,33,3,47,No,No,
EMP0327,Swathi Iyer,Male,32,Operations,Process Associate,Hyderabad,25-01-2019,7.5,54000,4,97.6,Yes,31,3,35,Yes,Yes,06-08-2025
EMP0328,Gokul Reddy,Male,34,IT,Data Analyst,Coimbatore,23-03-2018,8.4,82000,2,80.5,No,22,3,39,Yes,No,
EMP0329,Priya Kumar,Female,26,IT,IT Support Executive,Madurai,10-03-2025,1.4,59000,3,87.3,Yes,15,4,46,No,No,
EMP0330,Keerthi Iyer,Male,43,Sales,Sales Manager,Chennai,25-10-2019,6.8,57000,4,85,Yes,22,5,41,No,No,
EMP0331,Priya Rajan,Female,22,Marketing,Marketing Analyst,Madurai,19-01-2020,6.5,64500,3,94.9,No,56,3,42,No,No,
EMP0332,Karthik Patel,Male,29,Sales,Sales Manager,Pune,20-09-2022,3.9,44500,4,94.3,Yes,45,4,47,No,Yes,03-05-2025
EMP0333,Deepa Gupta,Female,45,Marketing,Digital Marketing Executive,Coimbatore,18-11-2023,2.7,51000,3,77.2,No,43,3,43,Yes,No,
EMP0334,Swathi Pillai,Male,21,Operations,Operations Analyst,Madurai,18-11-2022,3.7,55500,3,90.3,No,16,2,38,Yes,No,
EMP0335,Aishwarya Rajan,Male,55,HR,HR Analyst,Bengaluru,06-07-2021,5.1,50500,3,96.4,No,6,3,48,No,Yes,04-12-2025
EMP0336,Mohan Iyer,Female,35,IT,IT Support Executive,Madurai,05-10-2025,0.8,59500,4,92.8,No,44,2,47,Yes,No,
EMP0337,Vignesh Gupta,Female,34,HR,HR Executive,Madurai,31-12-2024,1.6,43500,3,92.8,Yes,42,5,43,No,Yes,18-09-2025
EMP0338,Priya Rajan,Male,39,Marketing,Marketing Executive,Madurai,09-01-2018,8.6,68000,3,90,No,30,5,48,No,No,
EMP0339,Kavya Balan,Female,43,HR,HR Manager,Chennai,07-08-2017,9,68000,4,86.2,No,22,3,44,No,No,
EMP0340,Dinesh Sharma,Male,37,Customer Service,Customer Support Analyst,Bengaluru,06-12-2019,6.7,56500,3,91.9,Yes,6,3,51,Yes,No,
EMP0341,Hari MeNon,Male,51,HR,Recruiter,Hyderabad,09-05-2024,2.2,46000,2,92.3,No,41,4,45,No,No,
EMP0342,Lavanya Iyer,Male,54,Customer Service,Team Leader,Pune,24-08-2025,0.9,44000,2,95.4,No,46,5,51,No,No,
EMP0343,Priya Balan,Female,28,Operations,Process Associate,Hyderabad,10-01-2023,3.6,48000,3,95.8,Yes,18,2,35,No,No,
EMP0344,Deepa Reddy,Male,45,IT,IT Support Executive,Madurai,25-11-2022,3.7,68500,2,92.5,No,17,3,46,No,No,
EMP0345,Sanjay Rajan,Female,31,Operations,Operations Manager,Chennai,03-05-2018,8.2,60500,3,98,Yes,47,3,42,No,Yes,04-11-2024
EMP0346,Divya Singh,Male,55,Operations,Process Associate,Bengaluru,03-12-2021,4.7,52000,5,89.9,No,18,3,40,No,No,
EMP0347,Gokul Reddy,Female,29,Customer Service,Customer Service Manager,Pune,04-11-2017,8.7,56000,2,84.1,No,55,4,50,Yes,No,
EMP0348,Keerthi Pillai,Female,31,Sales,Sales Executive,Bengaluru,25-05-2021,5.2,56000,3,94.6,No,26,3,48,No,No,
EMP0349,Meena Reddy,Male,45,IT,IT Support Executive,Coimbatore,08-12-2017,8.6,73500,5,92.7,No,22,3,35,No,No,
EMP0350,Sanjay Rajan,Male,48,HR,HR Executive,Bengaluru,02-10-2016,9.8,59000,4,94.7,Yes,29,3,48,Yes,No,
EMP0351,Ajay Das,Male,25,IT,IT Manager,Bengaluru,03-09-2025,0.9,66500,3,85,No,22,2,47,No,No,
EMP0352,Meena Iyer,Female,40,Sales,Sales Executive,Pune,07-12-2024,1.6,51500,3,100,No,45,1,40,No,No,
EMP0353,Kavya Verma,Male,33,IT,Software Analyst,Bengaluru,08-11-2022,3.7,73000,4,95.9,No,41,4,40,No,No,
EMP0354,Ajay Gupta,Male,42,IT,Software Analyst,Madurai,03-04-2022,4.3,84000,5,90.4,Yes,44,3,36,No,No,
EMP0355,Sanjay Sharma,Male,40,Finance,Finance Executive,Chennai,26-05-2018,8.2,76000,3,86.9,Yes,31,5,42,Yes,No,
EMP0356,Lavanya Das,Female,55,IT,Software Analyst,Coimbatore,19-09-2021,4.9,86500,3,97.9,Yes,21,5,43,No,No,
EMP0357,Pooja Krishnan,Male,53,Marketing,Marketing Executive,Madurai,25-06-2023,3.1,52000,2,85.9,No,28,3,48,Yes,No,
EMP0358,Priya Iyer,Male,43,Operations,Operations Manager,Pune,24-05-2021,5.2,53500,4,100,No,22,5,45,No,No,
EMP0359,Aishwarya MeNon,Female,44,IT,IT Manager,Coimbatore,26-10-2018,7.8,82500,2,88.6,No,50,4,39,No,No,
EMP0360,Nisha Singh,Male,52,IT,IT Support Executive,Madurai,02-12-2019,6.7,74500,3,100,Yes,43,3,45,No,No,
EMP0361,Hari Reddy,Female,27,Customer Service,Customer Support Analyst,Madurai,30-05-2024,2.2,41000,3,91,Yes,27,1,43,No,No,
EMP0362,Kavya Das,Male,46,HR,Recruiter,Bengaluru,19-07-2018,8,60000,4,100,No,14,4,39,Yes,No,
EMP0363,Suresh Das,Male,48,HR,Recruiter,Coimbatore,13-08-2025,1,37500,3,88,No,51,3,36,No,Yes,06-05-2026
EMP0364,Sanjay Krishnan,Female,25,HR,HR Analyst,Chennai,22-07-2023,3,51500,4,92.1,Yes,30,4,47,No,No,
EMP0365,Hari Singh,Female,51,Marketing,Digital Marketing Executive,Hyderabad,26-11-2024,1.7,53500,2,96.4,No,26,3,46,No,No,
EMP0366,Keerthi Krishnan,Female,45,Finance,Financial Analyst,Madurai,04-02-2021,5.5,71000,4,95.6,Yes,51,2,47,No,No,
EMP0367,Meena Reddy,Male,33,Operations,Operations Executive,Madurai,28-03-2018,8.3,66000,2,98.1,No,20,3,40,No,No,
EMP0368,Sanjay MeNon,Male,37,Marketing,Digital Marketing Executive,Chennai,03-05-2016,10.2,81000,3,89.3,No,23,4,45,No,No,
EMP0369,MaNoj Iyer,Male,38,Sales,Sales Analyst,Coimbatore,08-05-2021,5.2,53500,5,92.5,Yes,25,3,37,No,No,
EMP0370,Lavanya Das,Male,53,Operations,Operations Executive,Bengaluru,28-12-2019,6.6,67000,4,98.9,No,8,3,39,No,No,
EMP0371,Dinesh Reddy,Male,54,Marketing,Marketing Executive,Hyderabad,19-02-2017,9.4,67000,3,88.1,No,33,2,44,Yes,No,
EMP0372,Mohan Nair,Male,49,Sales,Business Development Executive,Chennai,15-04-2025,1.3,53500,5,95.1,No,17,3,45,No,No,
EMP0373,Vignesh Kumar,Male,43,Finance,Accountant,Pune,14-09-2025,0.9,58000,3,90.8,No,19,2,36,No,No,
EMP0374,Arun Reddy,Male,24,Sales,Sales Executive,Bengaluru,27-09-2019,6.8,59500,4,93.1,No,17,4,39,No,No,
EMP0375,Shalini Kumar,Male,53,Sales,Sales Manager,Chennai,06-09-2022,3.9,60500,2,92.5,Yes,19,3,42,No,No,
EMP0376,Sanjay Patel,Male,25,Sales,Sales Manager,Chennai,18-02-2020,6.5,62000,3,87.7,No,15,3,49,No,No,
EMP0377,Arun Patel,Female,26,Customer Service,Customer Support Analyst,Chennai,19-12-2020,5.6,45500,2,90.6,No,32,5,40,Yes,Yes,24-09-2024
EMP0378,Keerthi MeNon,Female,23,Finance,Finance Manager,Hyderabad,29-03-2022,4.3,59500,4,92.8,Yes,26,3,45,Yes,No,
EMP0379,Shalini Pillai,Male,54,Finance,Accountant,Chennai,01-03-2020,6.4,71500,4,91.4,No,29,3,45,No,Yes,04-02-2025
EMP0380,Priya Gupta,Female,38,Marketing,Digital Marketing Executive,Madurai,07-01-2024,2.6,58000,3,100,No,63,4,43,No,No,
EMP0381,Arun Pillai,Female,29,IT,IT Support Executive,Bengaluru,22-11-2017,8.7,73500,4,97.6,Yes,26,2,45,No,No,
EMP0382,Aishwarya Pillai,Male,23,Customer Service,Team Leader,Hyderabad,07-09-2022,3.9,55000,3,93.6,No,37,5,37,No,No,
EMP0383,Rahul Sharma,Male,35,Operations,Operations Executive,Bengaluru,31-10-2025,0.8,47000,4,87.8,Yes,39,4,41,No,No,
EMP0384,Harini Nair,Male,46,IT,IT Support Executive,Bengaluru,02-07-2024,2.1,59000,4,87.5,No,27,4,51,Yes,No,
EMP0385,Nisha Nair,Male,55,Finance,Finance Executive,Chennai,16-06-2016,10.1,87000,2,100,No,32,1,52,Yes,No,
EMP0386,Karthik Sharma,Female,40,Customer Service,Customer Service Executive,Hyderabad,20-02-2017,9.4,57000,3,86.4,No,28,3,48,Yes,No,
EMP0387,Karthik Gupta,Female,42,Marketing,Marketing Executive,Chennai,15-04-2022,4.3,57000,3,92.6,No,31,2,50,No,No,
EMP0388,Arun Verma,Male,50,Customer Service,Team Leader,Chennai,31-03-2025,1.3,54000,4,94,Yes,19,5,35,Yes,Yes,15-06-2026
EMP0389,Vijay MeNon,Female,52,HR,HR Executive,Pune,10-06-2024,2.1,46000,5,90.3,No,21,4,39,No,No,
EMP0390,Anjali Verma,Male,30,Operations,Process Associate,Chennai,15-01-2025,1.5,49000,3,86.5,No,28,4,42,No,No,
EMP0391,Priya Krishnan,Female,55,IT,Software Analyst,Chennai,30-06-2017,9.1,87500,3,87.7,Yes,0,2,56,No,Yes,21-01-2024
EMP0392,Vignesh Singh,Female,39,HR,HR Manager,Bengaluru,11-03-2021,5.4,54000,3,89,No,50,5,42,Yes,No,
EMP0393,Kavya Rajan,Male,53,IT,IT Support Executive,Madurai,05-04-2023,3.3,69000,4,88.1,No,60,3,48,No,No,
EMP0394,Gokul Pillai,Male,25,Marketing,Marketing Analyst,Chennai,01-04-2022,4.3,64000,3,99.3,No,31,5,46,No,No,
EMP0395,MaNoj Krishnan,Female,24,HR,HR Analyst,Coimbatore,09-10-2023,2.8,46000,3,91.9,No,38,4,46,No,No,
EMP0396,Mohan Patel,Female,51,Finance,Accountant,Bengaluru,16-02-2018,8.5,68000,3,89.1,No,44,4,44,No,No,
EMP0397,Arun Sharma,Male,44,Operations,Operations Manager,Hyderabad,27-07-2020,6,62000,4,92.6,No,8,3,38,No,No,
EMP0398,Gokul Balan,Male,27,Sales,Business Development Executive,Chennai,24-06-2020,6.1,58000,3,95.7,No,42,5,35,No,No,
EMP0399,Rahul Gupta,Male,52,Finance,Financial Analyst,Coimbatore,26-05-2025,1.2,58000,3,90.1,No,22,4,50,No,No,
EMP0400,Gokul Das,Female,24,Finance,Finance Executive,Hyderabad,10-01-2018,8.6,76500,4,97,No,62,5,41,Yes,No,
EMP0401,Kavya Pillai,Female,44,Sales,Business Development Executive,Chennai,07-04-2019,7.3,61500,1,85,No,25,4,35,No,No,
EMP0402,Gokul Patel,Female,28,Customer Service,Customer Support Analyst,Chennai,21-03-2016,10.4,53000,3,98.4,No,42,3,46,No,No,
EMP0403,MaNoj Pillai,Female,23,Operations,Operations Manager,Chennai,08-07-2017,9.1,62000,2,92,Yes,25,4,46,No,No,
EMP0404,Lavanya MeNon,Female,49,HR,HR Executive,Coimbatore,23-10-2025,0.8,44000,5,91.7,Yes,61,5,48,No,No,
EMP0405,Keerthi Balan,Female,50,Customer Service,Customer Service Manager,Chennai,23-06-2024,2.1,32000,3,88.2,No,20,4,50,No,No,
EMP0406,Suresh Verma,Male,24,Operations,Operations Executive,Bengaluru,04-08-2018,8,63500,3,85.2,Yes,45,4,39,No,No,
EMP0407,Suresh Gupta,Female,24,Sales,Sales Analyst,Pune,08-01-2023,3.6,46000,3,82.8,No,37,2,40,No,No,
EMP0408,Prakash Nair,Male,42,Operations,Operations Analyst,Chennai,06-12-2021,4.7,63500,3,87.8,No,34,4,42,No,Yes,14-09-2024
EMP0409,Prakash Verma,Male,22,HR,HR Analyst,Bengaluru,24-01-2025,1.5,55500,3,95.2,No,31,2,48,No,No,
EMP0410,MaNoj Das,Female,47,Customer Service,Customer Service Executive,Chennai,01-01-2019,7.6,46500,4,86.7,No,18,3,35,No,No,
EMP0411,Swathi Kumar,Female,53,Marketing,Digital Marketing Executive,Chennai,11-12-2025,0.6,49500,3,83.5,No,0,3,45,Yes,Yes,05-05-2026
EMP0412,Dinesh Krishnan,Female,47,Marketing,Marketing Executive,Bengaluru,15-09-2019,6.9,59500,3,87,No,44,2,49,No,No,
EMP0413,Dinesh Reddy,Male,29,HR,HR Manager,Madurai,03-03-2023,3.4,49500,3,89.9,No,21,4,48,Yes,Yes,16-08-2025
EMP0414,Swathi Das,Male,27,Operations,Operations Executive,Pune,24-12-2019,6.6,69500,2,90.1,No,46,5,48,Yes,Yes,14-10-2024
EMP0415,Lavanya Singh,Male,44,HR,HR Analyst,Coimbatore,19-09-2022,3.9,50000,4,91.3,Yes,33,3,49,No,No,
EMP0416,Vijay Kumar,Male,23,Sales,Business Development Executive,Chennai,08-05-2019,7.2,62500,4,97.7,Yes,46,4,35,No,No,
EMP0417,Gokul Rajan,Male,39,Sales,Sales Executive,Madurai,07-06-2024,2.1,44000,2,98.9,No,40,5,52,No,No,
EMP0418,Ajay Balan,Male,36,Operations,Operations Executive,Chennai,17-05-2022,4.2,60000,4,100,Yes,0,4,46,No,Yes,13-09-2024
EMP0419,Sneha Iyer,Male,47,Sales,Sales Manager,Hyderabad,20-11-2018,7.7,48500,4,83.1,No,37,3,51,No,No,
EMP0420,Keerthi MeNon,Female,28,Customer Service,Customer Service Executive,Bengaluru,11-08-2025,1,32000,4,87.3,No,23,4,38,No,No,
EMP0421,Anjali Das,Male,47,Marketing,Marketing Manager,Madurai,03-02-2023,3.5,55000,4,95.8,Yes,45,4,35,No,No,
EMP0422,Deepa Iyer,Male,45,HR,HR Analyst,Coimbatore,14-04-2020,6.3,55500,4,89.5,No,37,5,53,Yes,No,
EMP0423,Kavya Nair,Female,29,HR,HR Manager,Bengaluru,11-05-2017,9.2,70000,5,96.7,Yes,37,5,39,Yes,No,
EMP0424,Vignesh Patel,Male,33,HR,HR Executive,Hyderabad,25-09-2025,0.8,49500,3,93.1,No,24,1,42,No,No,
EMP0425,Shalini Verma,Female,23,IT,Software Analyst,Chennai,20-07-2023,3,72500,3,100,No,14,3,47,No,Yes,30-08-2025
EMP0426,Sneha Pillai,Female,36,Operations,Process Associate,Chennai,05-09-2022,3.9,60000,2,97.7,Yes,22,3,48,No,No,
EMP0427,Priya Patel,Male,30,Sales,Business Development Executive,Chennai,01-05-2024,2.3,44500,5,97.8,Yes,1,2,49,No,No,
EMP0428,Karthik Kumar,Female,24,Operations,Process Associate,Madurai,26-01-2022,4.5,58000,5,89.7,No,19,1,45,No,No,
EMP0429,Dinesh MeNon,Female,40,HR,HR Analyst,Madurai,27-04-2018,8.3,64500,3,91.5,Yes,6,3,39,No,No,
EMP0430,Pooja Singh,Female,40,Operations,Operations Analyst,Chennai,16-05-2018,8.2,63000,3,90.3,No,6,3,48,No,No,
EMP0431,Aishwarya Reddy,Female,24,Customer Service,Team Leader,Madurai,15-10-2016,9.8,69000,3,83.7,No,30,3,48,No,No,
EMP0432,Dinesh Singh,Female,27,Operations,Operations Analyst,Madurai,17-08-2016,10,70000,5,100,Yes,36,2,35,Yes,Yes,21-12-2021
EMP0433,Vijay MeNon,Female,23,Marketing,Marketing Executive,Chennai,15-04-2023,3.3,55500,2,96.1,Yes,28,3,51,No,Yes,19-06-2026
EMP0434,Prakash Nair,Male,44,Operations,Operations Analyst,Pune,09-07-2024,2.1,45500,2,90.1,Yes,21,4,35,Yes,No,
EMP0435,Kavya Verma,Female,32,HR,Recruiter,Coimbatore,21-08-2017,8.9,62000,5,99.2,No,14,3,49,No,No,
EMP0436,Vijay Singh,Female,23,Sales,Sales Executive,Madurai,27-09-2021,4.8,52000,4,88.5,No,23,5,41,Yes,No,
EMP0437,Suresh Patel,Female,27,HR,HR Analyst,Coimbatore,28-03-2017,9.3,60500,4,81.9,Yes,16,3,48,No,No,
EMP0438,Kavya Verma,Female,55,IT,Data Analyst,Madurai,22-02-2020,6.4,87500,3,97.5,No,27,3,47,Yes,No,
EMP0439,Arun Patel,Male,29,Marketing,Marketing Executive,Hyderabad,28-11-2023,2.7,48000,4,85,No,5,2,44,No,No,
EMP0440,Shalini Sharma,Female,44,IT,Software Analyst,Coimbatore,14-02-2024,2.5,76000,2,90.9,No,39,3,46,No,Yes,02-11-2025
EMP0441,Swathi Rajan,Female,37,Operations,Operations Analyst,Coimbatore,27-06-2025,1.1,49000,3,93.1,Yes,19,5,44,No,No,
EMP0442,Dinesh Krishnan,Male,27,Sales,Sales Executive,Pune,08-02-2019,7.5,63000,4,94.1,Yes,34,3,48,No,No,
EMP0443,Keerthi Das,Male,31,Marketing,Marketing Analyst,Hyderabad,27-06-2025,1.1,57500,1,96.7,No,41,4,55,No,No,
EMP0444,Mohan Das,Male,21,Sales,Sales Manager,Hyderabad,02-11-2023,2.7,40000,3,95.2,No,33,3,37,No,No,
EMP0445,Hari Sharma,Male,47,Sales,Business Development Executive,Chennai,21-05-2019,7.2,66000,3,95,No,40,5,35,Yes,No,
EMP0446,Arun Rajan,Female,32,Marketing,Marketing Executive,Chennai,13-04-2019,7.3,65000,3,87.7,Yes,0,4,42,Yes,Yes,24-10-2025
EMP0447,Dinesh Patel,Male,38,Customer Service,Customer Support Analyst,Bengaluru,27-01-2017,9.5,63500,3,93.6,Yes,21,3,42,No,Yes,30-09-2022
EMP0448,Ravi Singh,Male,26,IT,Software Analyst,Madurai,17-03-2025,1.4,78000,3,83.7,No,45,4,42,No,Yes,15-01-2026
EMP0449,Harini Patel,Female,49,HR,HR Analyst,Bengaluru,12-01-2018,8.6,63500,2,100,Yes,36,4,39,No,Yes,17-08-2022
EMP0450,Kavya Reddy,Female,28,IT,Data Analyst,Bengaluru,05-09-2018,7.9,95500,4,84.3,No,56,3,48,Yes,No,
EMP0451,Aishwarya Balan,Female,40,HR,HR Manager,Chennai,17-02-2020,6.5,55500,3,90.1,No,54,2,37,No,No,
EMP0452,Harini MeNon,Female,51,Operations,Operations Analyst,Chennai,17-05-2017,9.2,70500,2,84.7,Yes,32,4,46,No,No,
EMP0453,Vignesh MeNon,Female,45,Marketing,Marketing Manager,Coimbatore,23-01-2024,2.5,44000,4,88,No,24,3,47,No,No,
EMP0454,Dinesh Das,Female,42,Sales,Sales Executive,Chennai,25-12-2022,3.6,56000,3,92.1,Yes,14,2,46,Yes,No,
EMP0455,MaNoj Iyer,Female,52,HR,HR Executive,Bengaluru,26-07-2017,9,65500,3,89.1,No,21,4,46,No,No,
EMP0456,Ravi MeNon,Male,27,Sales,Sales Executive,Bengaluru,17-08-2017,9,64000,2,98.3,Yes,22,3,49,No,No,
EMP0457,Hari Rajan,Female,54,Customer Service,Customer Support Analyst,Madurai,21-03-2016,10.4,61000,4,93.2,No,19,2,44,No,Yes,10-09-2023
EMP0458,Prakash Krishnan,Male,40,Finance,Financial Analyst,Bengaluru,30-06-2025,1.1,58000,2,89.5,No,14,3,42,Yes,No,
EMP0459,Swathi Singh,Male,35,Operations,Operations Executive,Coimbatore,10-05-2020,6.2,66000,4,91.3,Yes,34,5,46,No,No,
EMP0460,Dinesh Das,Male,29,IT,Software Analyst,Bengaluru,22-07-2022,4,96500,3,98.7,No,53,5,47,No,No,
EMP0461,Ajay Gupta,Female,47,IT,IT Manager,Chennai,01-07-2017,9.1,91000,3,97,No,42,4,48,No,No,
EMP0462,Karthik Patel,Female,55,Sales,Business Development Executive,Bengaluru,23-04-2018,8.3,64000,4,85.7,No,23,4,35,No,No,
EMP0463,Nisha Sharma,Male,45,Customer Service,Customer Service Executive,Bengaluru,01-06-2021,5.2,48000,4,88.3,Yes,43,4,43,No,Yes,17-04-2025
EMP0464,Rahul Verma,Female,22,Sales,Business Development Executive,Chennai,01-02-2018,8.5,70500,4,94.6,Yes,33,3,39,Yes,No,
EMP0465,Aishwarya Patel,Male,37,IT,Software Analyst,Coimbatore,17-02-2022,4.5,79000,4,93.9,Yes,27,2,47,No,Yes,29-04-2025
EMP0466,Anjali Singh,Female,46,Marketing,Marketing Analyst,Hyderabad,28-03-2025,1.3,43500,4,86.2,No,26,2,48,No,No,
EMP0467,Deepa Nair,Female,34,IT,Data Analyst,Chennai,19-01-2019,7.5,93500,2,96.1,No,25,3,43,No,No,
EMP0468,Priya Singh,Female,48,Customer Service,Customer Support Analyst,Bengaluru,29-01-2022,4.5,50500,3,87.1,Yes,38,5,40,No,Yes,08-02-2026
EMP0469,Pooja Reddy,Female,45,Sales,Business Development Executive,Pune,26-02-2025,1.4,41500,3,99.2,No,30,4,47,No,No,
EMP0470,Sneha Gupta,Male,23,IT,IT Support Executive,Hyderabad,08-12-2024,1.6,56500,5,94.9,Yes,17,2,43,No,Yes,22-01-2026
EMP0471,Hari Krishnan,Male,40,Finance,Finance Executive,Madurai,29-01-2016,10.5,80000,3,85.8,No,16,3,51,No,No,
EMP0472,Vignesh Reddy,Female,27,IT,IT Support Executive,Coimbatore,06-02-2017,9.5,80500,4,89.1,No,33,3,53,No,No,
EMP0473,Pooja Balan,Female,38,HR,Recruiter,Pune,11-11-2025,0.7,48000,4,89,No,34,3,49,No,No,
EMP0474,Aishwarya Gupta,Male,34,HR,HR Executive,Coimbatore,03-04-2025,1.3,39000,4,92.9,No,23,3,45,No,No,
EMP0475,Deepa Kumar,Male,49,Sales,Sales Analyst,Chennai,21-03-2019,7.4,73000,3,90.9,Yes,11,5,53,No,No,
EMP0476,Ravi Das,Male,51,Sales,Sales Executive,Chennai,14-03-2021,5.4,50000,4,85.7,No,47,3,45,No,No,
EMP0477,Kavya Kumar,Male,37,Finance,Finance Executive,Hyderabad,23-09-2021,4.9,53500,2,84.3,No,44,4,42,Yes,No,
EMP0478,Suresh Nair,Male,39,IT,Data Analyst,Madurai,07-09-2022,3.9,84500,2,95,Yes,0,4,41,Yes,No,
EMP0479,Priya Balan,Male,42,IT,IT Support Executive,Chennai,04-07-2023,3.1,59000,1,93.6,No,48,2,40,No,No,
EMP0480,Nisha Balan,Female,43,Finance,Finance Executive,Madurai,24-09-2019,6.9,68000,4,92.6,No,25,4,44,Yes,Yes,14-10-2025
EMP0481,Gokul Verma,Male,43,Finance,Accountant,Bengaluru,24-11-2024,1.7,54000,4,93.5,No,31,4,46,Yes,No,
EMP0482,Lavanya Reddy,Male,48,Sales,Sales Executive,Madurai,04-08-2016,10,68000,4,88.6,No,45,5,37,Yes,No,
EMP0483,Anjali Sharma,Male,55,IT,IT Manager,Hyderabad,28-04-2016,10.3,85000,3,93,Yes,53,2,42,Yes,No,
EMP0484,Hari Sharma,Male,49,Sales,Sales Analyst,Bengaluru,31-07-2025,1,47500,3,100,No,43,2,45,No,No,
EMP0485,Anjali Iyer,Female,25,HR,HR Executive,Pune,09-10-2017,8.8,63500,3,98.5,No,32,3,47,Yes,No,
EMP0486,Suresh Patel,Male,37,Finance,Accountant,Hyderabad,12-12-2025,0.6,56500,5,90.4,Yes,7,5,44,No,No,
EMP0487,Meena Reddy,Female,37,IT,IT Manager,Chennai,10-11-2018,7.7,81000,5,89.1,No,0,4,45,No,No,
EMP0488,Vignesh MeNon,Female,38,Sales,Sales Analyst,Bengaluru,24-08-2019,6.9,56500,4,76.3,No,41,4,38,Yes,Yes,01-05-2022
EMP0489,Sanjay Rajan,Male,39,IT,IT Manager,Chennai,12-04-2016,10.3,81000,4,97.9,Yes,48,2,39,Yes,Yes,18-04-2022
EMP0490,Divya Rajan,Female,46,IT,Data Analyst,Pune,09-06-2025,1.1,76500,5,96.3,No,16,3,44,No,No,
EMP0491,Shalini Rajan,Female,35,Marketing,Marketing Manager,Unknown,05-08-2019,7,58500,3,89,Yes,24,1,47,No,No,
EMP0492,Harini Balan,Male,30,IT,IT Support Executive,Bengaluru,04-09-2017,8.9,73000,3,84.1,No,20,3,45,No,No,
EMP0493,Prakash Nair,Male,37,Marketing,Marketing Executive,Hyderabad,31-10-2020,5.7,63000,3,85.6,No,19,1,40,No,No,
EMP0494,Karthik Rajan,Female,50,Sales,Sales Manager,Chennai,19-07-2017,9,58500,3,94.4,No,44,5,43,No,Yes,23-11-2024
EMP0495,Shalini Singh,Female,31,Operations,Operations Analyst,Hyderabad,25-11-2023,2.7,57500,3,91.5,Yes,31,5,52,Yes,No,
EMP0496,Ajay Iyer,Male,21,IT,Software Analyst,Chennai,24-09-2016,9.9,98000,2,95.8,No,25,4,47,Yes,No,
EMP0497,Ravi Patel,Female,55,Finance,Finance Executive,Madurai,28-12-2020,5.6,64500,4,92.5,No,68,2,43,No,No,
EMP0498,Mohan Gupta,Male,27,IT,Software Analyst,Madurai,30-11-2019,6.7,84000,4,97.3,No,6,4,39,Yes,No,
EMP0499,MaNoj Patel,Female,42,Finance,Finance Executive,Madurai,15-05-2016,10.2,80000,5,94,Yes,36,5,40,No,No,
EMP0500,Kavya Rajan,Male,49,IT,IT Manager,Coimbatore,10-07-2016,10.1,88000,2,96.6,Yes,12,4,44,Yes,Yes,20-07-2022
EMP0501,Rahul Iyer,Male,30,Marketing,Marketing Executive,Pune,09-03-2021,5.4,57000,5,80.5,No,26,5,45,No,No,
EMP0502,Arun Kumar,Female,32,Operations,Operations Analyst,Madurai,12-12-2019,6.6,62000,2,85.2,Yes,30,3,47,No,No,
EMP0503,Anjali Verma,Female,30,Customer Service,Team Leader,Coimbatore,18-04-2017,9.3,62000,2,90,No,41,3,46,No,No,
EMP0504,Sneha Krishnan,Female,26,IT,Software Analyst,Hyderabad,20-05-2017,9.2,88000,3,97.9,No,24,3,42,No,No,
EMP0505,Karthik Singh,Male,26,IT,Data Analyst,Bengaluru,19-01-2024,2.5,76000,5,100,No,22,1,41,Yes,No,
EMP0506,Hari Das,Male,27,Operations,Operations Analyst,Chennai,22-04-2023,3.3,54000,4,91.1,No,24,5,54,No,No,
EMP0507,Aishwarya Iyer,Female,37,Sales,Sales Executive,Pune,29-01-2022,4.5,54500,3,88.6,No,12,4,41,No,No,
EMP0508,Mohan Singh,Female,39,Operations,Process Associate,Chennai,02-05-2024,2.2,51000,3,81.2,No,37,4,38,Yes,No,
EMP0509,Kavya Nair,Male,21,IT,Data Analyst,Coimbatore,10-09-2016,9.9,96000,2,96.7,No,32,3,36,No,No,
EMP0510,Harini Gupta,Female,50,HR,HR Manager,Coimbatore,17-11-2022,3.7,54000,4,92.05036232,Yes,35,2,42,No,No,
EMP0511,Kavya Balan,Male,44,HR,Recruiter,Hyderabad,11-07-2023,3.1,47500,4,100,No,27,5,49,No,No,
EMP0512,Lavanya Nair,Male,23,Operations,Process Associate,Chennai,02-01-2018,8.6,58500,5,87.9,No,25,2,41,No,No,
EMP0513,Meena Balan,Male,50,HR,HR Manager,Chennai,13-05-2021,5.2,57500,4,100,No,46,4,51,No,No,
EMP0514,Suresh Sharma,Male,22,Sales,Sales Manager,Bengaluru,02-09-2023,2.9,50000,1,96.1,Yes,43,4,44,No,No,
EMP0515,Pooja Iyer,Male,40,Sales,Sales Analyst,Chennai,13-01-2022,4.5,52000,2,86.3,Yes,49,3,50,Yes,No,
EMP0516,Pooja Sharma,Female,37,Sales,Sales Analyst,Madurai,30-06-2018,8.1,64000,4,93.3,No,34,3,40,No,No,
EMP0517,MaNoj Iyer,Male,38,Sales,Business Development Executive,Bengaluru,25-08-2022,3.9,54500,3,96.2,Yes,48,3,40,Yes,Yes,23-11-2025
EMP0518,Swathi Iyer,Male,54,Marketing,Marketing Analyst,Bengaluru,06-08-2023,3,53000,3,90.8,No,22,2,44,No,Yes,15-10-2025
EMP0519,Anjali Verma,Male,53,HR,Recruiter,Chennai,05-02-2016,10.5,65500,2,96.6,No,25,4,46,Yes,No,
EMP0520,Harini Nair,Male,30,Operations,Operations Executive,Madurai,03-09-2021,4.9,51000,4,96.5,Yes,46,4,43,No,No,
EMP0521,Keerthi Patel,Male,41,Operations,Process Associate,Pune,17-01-2021,5.5,55000,4,95.3,Yes,41,3,45,No,No,
EMP0522,Sneha Sharma,Female,54,Finance,Finance Executive,Madurai,01-09-2019,6.9,64500,4,91.9,No,24,3,47,Yes,No,
EMP0523,Gokul Kumar,Male,46,Sales,Sales Analyst,Chennai,10-06-2016,10.1,64500,3,85.5,Yes,12,5,37,No,No,
EMP0524,MaNoj Iyer,Female,52,IT,IT Support Executive,Chennai,31-10-2016,9.7,80000,4,91.6,No,25,2,42,No,No,
EMP0525,Mohan Rajan,Female,36,HR,HR Analyst,Madurai,03-07-2023,3.1,53500,2,93,No,18,2,41,No,Yes,19-07-2025
EMP0526,Pooja Patel,Male,30,Finance,Financial Analyst,Pune,10-04-2024,2.3,63000,3,81.7,No,54,3,42,No,No,
EMP0527,Swathi Rajan,Female,38,Customer Service,Customer Service Manager,Madurai,11-03-2020,6.4,49000,1,92.9,No,39,3,46,No,No,
EMP0528,Divya Rajan,Female,49,Customer Service,Customer Service Manager,Chennai,25-05-2025,1.2,35500,2,91.5,Yes,17,4,41,No,No,
EMP0529,Pooja MeNon,Female,53,Operations,Process Associate,Coimbatore,11-04-2025,1.3,46500,3,84.9,No,12,4,35,No,No,
EMP0530,Lavanya Pillai,Female,45,Sales,Sales Analyst,Chennai,29-08-2022,3.9,42500,5,90.2,Yes,16,3,43,Yes,No,
EMP0531,Mohan Kumar,Female,45,Marketing,Marketing Analyst,Chennai,23-10-2021,4.8,62000,2,90.3,Yes,20,4,39,No,Yes,18-03-2025
EMP0532,Deepa Krishnan,Female,38,Marketing,Marketing Executive,Pune,24-08-2025,0.9,40000,2,100,No,25,4,46,No,Yes,10-07-2026
EMP0533,Deepa MeNon,Female,32,Finance,Finance Executive,Bengaluru,05-02-2022,4.5,55500,4,93.2,Yes,45,5,48,No,Yes,24-08-2025
EMP0534,Sanjay Das,Male,35,IT,Data Analyst,Chennai,05-05-2025,1.2,75000,5,97.7,Yes,14,4,35,No,No,
EMP0535,Hari Krishnan,Female,38,HR,HR Manager,Madurai,16-10-2025,0.8,54000,4,91.4,No,29.60805861,3,40,No,No,
EMP0536,Priya Reddy,Female,49,Sales,Business Development Executive,Chennai,11-12-2017,8.6,75000,4,81.7,Yes,14,4,46,Yes,No,
EMP0537,Divya Verma,Female,40,IT,Software Analyst,Chennai,10-08-2022,4,85000,3,95.7,Yes,7,1,37,Yes,No,
EMP0538,Harini Rajan,Male,48,Sales,Business Development Executive,Coimbatore,25-04-2023,3.3,55500,3,88.4,No,53,3,48,No,No,
EMP0539,Gokul Reddy,Male,21,Sales,Sales Executive,Coimbatore,14-03-2024,2.4,41000,4,90.2,No,48,4,49,No,No,
EMP0540,Sanjay MeNon,Male,47,Operations,Operations Analyst,Bengaluru,30-06-2019,7.1,63000,3,86.2,No,25,4,43,Yes,No,
EMP0541,Divya Verma,Male,38,Customer Service,Customer Support Analyst,Hyderabad,13-08-2024,2,37500,4,92.4,No,34,4,40,No,No,
EMP0542,Keerthi Reddy,Male,55,IT,IT Manager,Chennai,15-11-2020,5.7,73000,2,97.9,No,34,4,35,No,No,
EMP0543,Hari Pillai,Male,37,Operations,Operations Manager,Pune,14-11-2019,6.7,62000,4,97.1,Yes,30,5,48,No,No,
EMP0544,Keerthi MeNon,Male,37,Customer Service,Customer Service Manager,Coimbatore,27-07-2017,9,56500,3,100,No,9,5,54,No,No,
EMP0545,Gokul Krishnan,Male,25,Sales,Sales Manager,Chennai,19-03-2019,7.4,66000,3,100,Yes,0,4,53,No,No,
EMP0546,Karthik Gupta,Male,49,Finance,Finance Manager,Hyderabad,30-09-2025,0.8,43500,2,80.7,No,15,3,43,Yes,No,
EMP0547,Gokul Balan,Female,45,Finance,Finance Manager,Chennai,01-03-2023,3.4,59000,3,85.4,No,55,1,39,No,No,
EMP0548,Karthik Reddy,Male,51,HR,HR Manager,Coimbatore,06-04-2023,3.3,46500,5,82.1,Yes,56,4,48,No,No,
EMP0549,Priya Balan,Male,24,Marketing,Marketing Analyst,Bengaluru,15-12-2024,1.6,48500,3,95.5,No,24,4,43,No,No,
EMP0550,Vignesh Kumar,Male,28,Finance,Accountant,Chennai,02-09-2018,7.9,72000,4,88.2,No,14,4,46,No,No,
EMP0551,Divya Verma,Male,51,Finance,Finance Manager,Hyderabad,13-08-2022,4,55500,3,89.3,Yes,32,3,46,Yes,No,
EMP0552,Aishwarya Gupta,Male,22,Sales,Business Development Executive,Chennai,18-09-2019,6.9,64000,3,90.8,No,35,4,44,No,No,
EMP0553,Vijay MeNon,Female,38,Sales,Business Development Executive,Hyderabad,24-06-2024,2.1,49500,2,94.1,No,37,3,49,No,No,
EMP0554,Prakash Sharma,Female,35,Operations,Operations Manager,Chennai,23-03-2020,6.4,57500,4,83.8,Yes,0,3,49,Yes,No,
EMP0555,Suresh Nair,Male,53,HR,HR Manager,Chennai,19-07-2024,2,45000,4,85.1,Yes,75,3,41,No,No,
EMP0556,Dinesh Iyer,Female,50,Sales,Sales Manager,Madurai,23-06-2023,3.1,50500,4,92,No,45,4,39,No,No,
EMP0557,Ravi Iyer,Male,52,Sales,Sales Manager,Hyderabad,20-09-2023,2.9,47000,3,92.01712159,No,25,2,35,Yes,Yes,22-07-2026
EMP0558,Priya Krishnan,Male,31,IT,Software Analyst,Chennai,04-04-2025,1.3,74500,3,91.9,No,17,4,42,No,No,
EMP0559,Keerthi Verma,Male,41,IT,IT Support Executive,Hyderabad,28-11-2023,2.7,61500,4,87.6,No,43,3,39,No,No,
EMP0560,Pooja Krishnan,Male,45,IT,IT Support Executive,Chennai,20-03-2019,7.4,72500,3,80.2,No,35,3,46,No,No,
EMP0561,Ravi Patel,Female,54,HR,HR Manager,Madurai,20-03-2021,5.4,63000,3,97.2,Yes,29,4,42,Yes,No,
EMP0562,Ajay Pillai,Female,21,Sales,Business Development Executive,Madurai,22-09-2020,5.9,62500,5,88,Yes,35,2,43,No,Yes,20-02-2023
EMP0563,MaNoj Gupta,Female,55,Operations,Operations Analyst,Chennai,23-08-2016,9.9,68000,3,85.7,No,26,4,48,No,No,
EMP0564,Meena Krishnan,Male,33,IT,Data Analyst,Pune,06-12-2021,4.7,87500,4,82.6,No,34,4,46,No,Yes,07-01-2026
EMP0565,Suresh Patel,Female,25,IT,IT Manager,Madurai,16-05-2020,6.2,73500,2,84.1,No,39,2,43,No,No,
EMP0566,Shalini Krishnan,Male,42,Marketing,Marketing Manager,Bengaluru,07-12-2019,6.7,61500,4,86.7,No,33,5,52,No,No,
EMP0567,MaNoj Singh,Male,48,Marketing,Marketing Executive,Coimbatore,04-02-2017,9.5,69500,4,90.7,Yes,32,4,48,Yes,Yes,29-11-2025
EMP0568,Aishwarya Rajan,Male,25,HR,HR Analyst,Coimbatore,15-01-2021,5.5,50500,3,85.4,No,49,4,42,No,No,
EMP0569,Shalini MeNon,Female,22,Finance,Finance Manager,Coimbatore,16-10-2021,4.8,64000,2,93,No,4,4,42,No,No,
EMP0570,Meena Krishnan,Female,52,IT,Software Analyst,Hyderabad,21-01-2017,9.5,93500,2,90.6,No,16,5,48,No,No,
EMP0571,Harini Patel,Male,53,Sales,Business Development Executive,Bengaluru,08-05-2022,4.2,54500,3,100,Yes,28,4,45,No,No,
EMP0572,Nisha Verma,Female,26,Operations,Operations Executive,Coimbatore,04-09-2017,8.9,64500,4,82.6,Yes,17,4,38,No,No,
EMP0573,Ravi Gupta,Female,52,IT,Software Analyst,Bengaluru,13-06-2017,9.1,108500,2,92.9,No,22,4,48,No,No,
EMP0574,Gokul Das,Female,52,Marketing,Marketing Manager,Coimbatore,05-01-2020,6.6,60000,4,93,No,47,3,50,Yes,No,
EMP0575,Rahul Kumar,Male,55,Operations,Operations Manager,Madurai,22-11-2019,6.7,52000,2,86.3,No,26,2,50,No,No,
EMP0576,Suresh Kumar,Female,28,IT,IT Support Executive,Bengaluru,24-02-2025,1.4,52000,3,92.5,No,1,4,52,No,No,
EMP0577,Mohan MeNon,Female,41,Operations,Process Associate,Madurai,04-09-2016,9.9,69500,2,96.2,No,22,5,54,No,No,
EMP0578,Kavya Gupta,Female,55,IT,Data Analyst,Bengaluru,30-06-2019,7.1,99000,3,92.5,Yes,29,4,53,No,Yes,02-04-2026
EMP0579,Karthik Reddy,Male,52,Operations,Operations Manager,Pune,07-05-2023,3.2,49500,3,99.6,No,29,2,46,No,No,
EMP0580,Ravi Kumar,Female,42,Finance,Finance Executive,Pune,01-07-2018,8.1,77000,2,80,No,36,4,43,Yes,No,
EMP0581,MaNoj Rajan,Male,27,IT,IT Support Executive,Hyderabad,25-10-2025,0.8,61000,3,87.4,No,35,3,35,No,No,
EMP0582,Priya Iyer,Female,23,IT,Data Analyst,Coimbatore,06-06-2023,3.2,82000,3,100,No,26,1,44,No,No,
EMP0583,Sneha MeNon,Male,30,HR,Recruiter,Bengaluru,18-06-2025,1.1,41500,2,97,No,10,4,47,No,No,
EMP0584,Aishwarya Reddy,Male,23,Finance,Accountant,Chennai,29-06-2025,1.1,53500,4,95,Yes,21,2,44,No,Yes,04-04-2026
EMP0585,Keerthi Sharma,Male,27,Customer Service,Team Leader,Madurai,02-02-2017,9.5,74000,3,98.8,No,19,5,35,No,No,
EMP0586,Aishwarya Reddy,Male,23,IT,IT Manager,Chennai,04-08-2020,6,79500,1,81.5,No,24,5,43,No,No,
EMP0587,Ajay Verma,Male,47,Sales,Sales Analyst,Chennai,12-06-2023,3.1,48000,3,96.4,No,38,3,47,No,No,
EMP0588,Meena Singh,Male,41,Sales,Sales Manager,Pune,01-02-2016,10.5,69500,4,97.9,No,34,4,39,Yes,No,
EMP0589,Lavanya Rajan,Male,39,Sales,Business Development Executive,Hyderabad,09-07-2020,6.1,70000,3,88.4,No,40,5,45,Yes,Yes,24-07-2024
EMP0590,Swathi Das,Male,49,HR,HR Manager,Coimbatore,18-11-2022,3.7,53000,5,100,Yes,22,4,46,No,No,
EMP0591,Deepa Verma,Female,35,Customer Service,Customer Service Manager,Chennai,06-12-2023,2.7,46000,3,93.1,Yes,51,4,50,No,No,
EMP0592,Ravi Sharma,Female,35,Finance,Finance Executive,Bengaluru,25-02-2020,6.4,69000,4,79.9,No,38,5,53,No,No,
EMP0593,Nisha Rajan,Female,28,Sales,Sales Analyst,Madurai,18-08-2024,2,49500,4,94.1,No,30,4,42,No,No,
EMP0594,Deepa Das,Male,36,IT,IT Manager,Hyderabad,26-09-2022,3.8,72500,4,88,No,37,4,45,No,No,
EMP0595,Mohan Patel,Male,27,HR,Recruiter,Pune,15-06-2016,10.1,70000,2,98.4,No,18,2,45,No,Yes,04-11-2023
EMP0596,Vignesh Verma,Female,41,Sales,Sales Executive,Madurai,11-10-2018,7.8,66500,3,95,Yes,0,2,47,Yes,No,
EMP0597,Lavanya Krishnan,Male,55,Marketing,Marketing Analyst,Chennai,19-05-2025,1.2,50500,5,88.7,No,19,3,47,No,No,
EMP0598,Sneha Rajan,Male,39,IT,Data Analyst,Chennai,09-01-2016,10.6,99000,3,100,No,39,3,51,Yes,No,
EMP0599,Vignesh Verma,Female,31,Customer Service,Customer Service Manager,Chennai,29-01-2017,9.5,61500,4,97.2,No,29,4,35,No,No,
EMP0600,Gokul MeNon,Female,45,IT,Software Analyst,Madurai,12-06-2019,7.1,89500,3,87.4,No,26,2,46,No,No,
EMP0601,Shalini Reddy,Male,49,IT,IT Support Executive,Chennai,09-12-2025,0.6,56000,4,91.2,Yes,15,4,46,No,No,
EMP0602,Karthik Iyer,Female,37,Marketing,Digital Marketing Executive,Chennai,18-01-2023,3.5,68000,2,94.8,Yes,0,3,43,No,No,
EMP0603,Shalini MeNon,Male,29,Operations,Operations Executive,Chennai,23-06-2017,9.1,60500,3,90,Yes,49,4,35,No,No,
EMP0604,Harini Verma,Female,45,Marketing,Digital Marketing Executive,Chennai,07-12-2019,6.7,68500,3,90.2,No,25,4,44,No,No,
EMP0605,Mohan Kumar,Male,27,Customer Service,Customer Service Manager,Bengaluru,25-05-2025,1.2,34000,4,92.2,Yes,22,3,40,No,Yes,08-07-2026
EMP0606,Sneha Patel,Male,55,Operations,Operations Manager,Chennai,11-03-2018,8.4,66500,4,92.03869863,Yes,18,2,52,Yes,No,
EMP0607,Priya Pillai,Female,32,Operations,Operations Manager,Hyderabad,03-10-2021,4.8,68000,4,79.7,No,47,5,46,Yes,No,
EMP0608,Vijay Patel,Male,33,HR,HR Analyst,Chennai,22-08-2020,5.9,53000,3,93.3,No,41,4,40,Yes,No,
EMP0609,Sanjay Kumar,Female,46,Marketing,Marketing Executive,Chennai,09-08-2023,3,50500,3,81.1,No,13,4,35,Yes,No,
EMP0610,Keerthi Sharma,Male,21,Finance,Financial Analyst,Chennai,11-07-2023,3.1,64000,4,86.5,No,45,5,47,No,No,
EMP0611,Lavanya Krishnan,Female,28,IT,Data Analyst,Bengaluru,01-05-2024,2.3,76500,3,82.3,Yes,26,3,47,No,No,
EMP0612,Ravi Krishnan,Female,25,Marketing,Digital Marketing Executive,Chennai,12-03-2017,9.4,75500,4,82.9,Yes,19,3,43,Yes,No,
EMP0613,Meena Sharma,Male,34,Customer Service,Customer Service Executive,Coimbatore,15-07-2020,6,44500,3,94.3,No,24,2,47,No,Yes,22-01-2026
EMP0614,Arun Iyer,Female,40,Customer Service,Customer Service Manager,Chennai,01-12-2022,3.7,47500,3,90.8,No,16,3,42,No,No,
EMP0615,Deepa Das,Male,27,Sales,Sales Manager,Pune,10-03-2020,6.4,53500,4,90.6,No,8,4,49,No,No,
EMP0616,Suresh Krishnan,Male,33,Marketing,Marketing Analyst,Chennai,03-09-2022,3.9,48000,3,84.8,No,40,5,49,No,No,
EMP0617,Nisha Rajan,Male,48,Marketing,Marketing Manager,Madurai,11-05-2022,4.2,56000,2,88.4,Yes,25,3,36,No,No,
EMP0618,Sanjay Singh,Female,53,Finance,Financial Analyst,Hyderabad,16-09-2019,6.9,67000,2,94.1,No,37,5,37,No,No,
EMP0619,Keerthi Das,Female,21,HR,HR Manager,Chennai,31-12-2016,9.6,74000,4,91.7,Yes,32,3,54,No,No,
EMP0620,Divya Kumar,Female,42,HR,HR Analyst,Chennai,14-09-2025,0.9,37500,4,96.5,No,36,3,49,No,No,
EMP0621,Divya Iyer,Female,21,Operations,Operations Analyst,Hyderabad,05-04-2024,2.3,45500,2,97.3,No,0,2,38,Yes,No,
EMP0622,Vijay Verma,Female,39,IT,Data Analyst,Chennai,12-12-2024,1.6,80500,4,90.6,Yes,15,3,36,No,Yes,07-07-2026
EMP0623,Aishwarya Verma,Male,51,Customer Service,Customer Service Manager,Chennai,31-12-2018,7.6,52000,3,81.8,No,37,2,45,No,No,
EMP0624,MaNoj Nair,Female,48,Finance,Accountant,Madurai,28-02-2019,7.4,62500,3,87.8,No,9,5,38,No,No,
EMP0625,Ajay Verma,Female,29,Customer Service,Customer Service Manager,Chennai,27-03-2019,7.3,63000,2,91.5,No,34,4,42,No,No,
EMP0626,Ravi MeNon,Male,30,Finance,Accountant,Pune,23-04-2016,10.3,72500,4,87.7,Yes,7,3,44,No,No,
EMP0627,Karthik Pillai,Female,48,Operations,Operations Analyst,Bengaluru,11-09-2017,8.9,66500,2,86.2,No,28,5,44,Yes,No,
EMP0628,Keerthi Pillai,Male,49,HR,Recruiter,Coimbatore,31-01-2019,7.5,58500,3,92.4,No,52,2,50,No,No,
EMP0629,Suresh MeNon,Male,30,IT,IT Support Executive,Chennai,15-11-2025,0.7,61000,4,100,Yes,40,3,53,No,No,
EMP0630,Suresh Reddy,Male,21,Operations,Operations Analyst,Bengaluru,17-01-2018,8.5,68000,5,89.3,No,0,5,42,No,No,
EMP0631,Meena Rajan,Male,36,Customer Service,Customer Service Executive,Bengaluru,29-01-2021,5.5,42000,4,92,Yes,41,3,38,No,No,
EMP0632,Kavya Reddy,Male,42,Operations,Operations Analyst,Chennai,22-06-2021,5.1,56000,3,84.8,No,55,5,46,No,Yes,25-06-2026
EMP0633,Karthik Patel,Female,36,HR,Recruiter,Hyderabad,07-08-2019,7,57000,5,98.8,Yes,70,4,52,No,No,
EMP0634,Rahul MeNon,Female,53,Finance,Financial Analyst,Coimbatore,10-03-2025,1.4,63000,2,96.8,No,35,5,42,No,Yes,30-03-2026
EMP0635,Meena Sharma,Male,49,HR,HR Executive,Hyderabad,06-12-2016,9.7,62000,4,96.4,No,8,5,48,No,No,
EMP0636,Swathi Gupta,Male,48,HR,HR Manager,Chennai,14-09-2024,1.9,56000,4,99.5,No,35,3,40,No,No,
EMP0637,Harini Pillai,Male,21,Marketing,Marketing Executive,Chennai,09-06-2023,3.1,50500,3,89.6,No,52,3,44,No,Yes,24-01-2025
EMP0638,Sneha Iyer,Male,50,Marketing,Marketing Analyst,Bengaluru,22-01-2019,7.5,65500,4,90.3,No,25,3,38,No,No,
EMP0639,Gokul MeNon,Female,47,Operations,Process Associate,Hyderabad,05-09-2023,2.9,43000,3,100,Yes,44,2,44,No,No,
EMP0640,Dinesh Gupta,Male,34,Operations,Operations Analyst,Madurai,14-04-2020,6.3,54500,4,95.5,No,15,3,43,No,No,
EMP0641,Priya Das,Female,41,Marketing,Marketing Analyst,Chennai,15-09-2025,0.9,44500,2,79.8,No,34,3,47,No,No,
EMP0642,Pooja Pillai,Female,49,Operations,Operations Executive,Hyderabad,13-05-2016,10.2,66000,4,94.5,Yes,0,5,53,No,No,
EMP0643,MaNoj Reddy,Female,52,HR,HR Manager,Chennai,18-04-2016,10.3,67000,3,88.8,No,14,4,42,No,No,
EMP0644,Prakash Nair,Female,40,Sales,Sales Manager,Madurai,10-06-2021,5.1,52000,4,96.9,Yes,28,5,35,No,No,
EMP0645,Rahul Reddy,Male,22,IT,IT Manager,Bengaluru,25-04-2025,1.3,68500,3,94.2,No,23,1,43,No,No,
EMP0646,Hari Reddy,Female,42,Operations,Process Associate,Chennai,19-08-2016,9.9,62500,5,82.4,No,8,2,45,No,No,
EMP0647,Deepa Iyer,Female,44,HR,HR Analyst,Chennai,12-10-2023,2.8,45500,4,93.5,No,21,3,45,No,No,
EMP0648,Arun Balan,Female,23,IT,Software Analyst,Chennai,21-05-2025,1.2,72500,3,93.2,No,33,5,43,No,No,
EMP0649,Shalini MeNon,Female,49,Marketing,Marketing Analyst,Pune,11-11-2020,5.7,65500,4,94,No,27,3,51,Yes,No,
EMP0650,Meena Patel,Female,28,HR,HR Executive,Madurai,01-09-2024,1.9,48000,4,95.2,No,29,2,45,No,Yes,10-07-2025
EMP0651,MaNoj Singh,Female,52,Finance,Finance Executive,Bengaluru,28-07-2023,3,57500,4,100,No,39,3,43,No,No,
EMP0652,Vijay Patel,Male,40,Operations,Operations Executive,Pune,21-02-2018,8.4,59500,1,94.3,No,23,2,40,Yes,No,
EMP0653,Suresh Singh,Female,32,Marketing,Marketing Manager,Bengaluru,17-07-2024,2,46000,3,92.1,Yes,48,2,35,Yes,No,
EMP0654,Nisha Reddy,Female,23,Sales,Sales Manager,Coimbatore,29-12-2022,3.6,46500,5,98.3,Yes,13,5,46,No,No,
EMP0655,Prakash Nair,Male,21,Operations,Operations Analyst,Coimbatore,15-02-2016,10.5,77000,2,100,Yes,57,3,45,Yes,Yes,20-11-2025
EMP0656,Priya Gupta,Female,46,Finance,Finance Manager,Madurai,05-09-2021,4.9,65000,4,97,No,45,4,39,No,No,
EMP0657,Sneha Verma,Male,34,Operations,Process Associate,Coimbatore,18-07-2022,4,47000,4,93.1,No,23,3,44,Yes,No,
EMP0658,Swathi Reddy,Female,50,Sales,Sales Analyst,Pune,06-01-2024,2.6,47000,3,94.4,Yes,24,3,43,Yes,No,
EMP0659,Ajay Krishnan,Male,29,IT,Software Analyst,Hyderabad,18-09-2023,2.9,75000,2,93.4,No,31,3,41,No,No,
EMP0660,Keerthi Verma,Male,53,Finance,Accountant,Madurai,03-10-2020,5.8,61000,3,92.1,Yes,37,3,40,No,No,
EMP0661,Arun Rajan,Female,53,Sales,Sales Manager,Madurai,28-12-2018,7.6,65000,5,100,No,44,4,46,No,No,
EMP0662,Suresh Rajan,Male,24,Operations,Process Associate,Hyderabad,01-12-2017,8.7,62000,3,87.9,No,8,5,43,No,No,
EMP0663,Vignesh Sharma,Male,43,Sales,Sales Analyst,Chennai,21-11-2016,9.7,77500,3,98.4,No,35,4,41,No,No,
EMP0664,Divya Singh,Male,53,HR,Recruiter,Hyderabad,26-05-2022,4.2,56500,3,91.3,Yes,0,2,40,No,No,
EMP0665,Anjali Nair,Male,32,Finance,Accountant,Chennai,07-08-2025,1,58500,5,83.9,No,25,4,43,No,Yes,14-01-2026
EMP0666,Hari Das,Female,23,Marketing,Marketing Executive,Bengaluru,20-10-2016,9.8,74500,3,91,No,50,4,49,No,No,
EMP0667,Shalini Singh,Female,51,Operations,Operations Analyst,Hyderabad,10-01-2023,3.6,51500,3,89,Yes,7,3,45,Yes,No,
EMP0668,Vignesh Rajan,Male,37,Customer Service,Customer Service Executive,Madurai,05-11-2021,4.7,46500,5,95.2,No,4,4,43,No,No,
EMP0669,Sneha Patel,Female,21,Sales,Sales Analyst,Chennai,19-09-2017,8.9,64500,4,92.5,No,31,4,46,No,No,
EMP0670,Divya Kumar,Male,50,Finance,Accountant,Hyderabad,16-02-2018,8.5,79500,3,86.4,No,49,3,51,No,No,
EMP0671,Nisha Das,Female,44,HR,HR Analyst,Madurai,05-11-2018,7.7,64000,2,100,No,33,4,46,No,No,
EMP0672,Suresh Nair,Male,23,IT,IT Manager,Madurai,07-11-2022,3.7,73000,4,98,No,0,3,45,No,No,
EMP0673,Rahul Sharma,Male,30,Customer Service,Customer Support Analyst,Coimbatore,27-12-2018,7.6,55500,3,100,No,3,5,47,No,No,
EMP0674,Gokul Kumar,Male,21,Marketing,Digital Marketing Executive,Madurai,12-04-2024,2.3,60500,2,93.3,No,29,1,43,No,No,
EMP0675,Deepa Krishnan,Female,54,IT,IT Support Executive,Bengaluru,12-09-2019,6.9,67500,2,91.8,Yes,10,4,45,No,No,
EMP0676,Vijay Iyer,Male,21,Finance,Finance Executive,Chennai,04-02-2017,9.5,83000,2,95.9,No,30,4,42,Yes,No,
EMP0677,Nisha MeNon,Male,48,Customer Service,Customer Support Analyst,Madurai,14-12-2016,9.6,59000,2,88.8,Yes,31,4,36,No,No,
EMP0678,Priya Gupta,Female,38,IT,IT Manager,Hyderabad,02-01-2020,6.6,73000,2,92.7,No,21,3,46,No,No,
EMP0679,Ravi Reddy,Female,41,HR,HR Executive,Chennai,30-01-2020,6.5,55500,2,91,No,55,5,46,No,No,
EMP0680,Lavanya Sharma,Male,49,Finance,Accountant,Madurai,03-05-2023,3.2,51000,3,84,Yes,37,3,43,No,No,
EMP0681,Vignesh MeNon,Female,52,HR,HR Manager,Bengaluru,14-10-2020,5.8,60000,3,92.7,No,46,2,49,No,Yes,29-01-2023
EMP0682,Ajay Sharma,Female,25,Sales,Sales Analyst,Hyderabad,21-08-2017,8.9,61500,5,89.6,Yes,42,2,40,Yes,No,
EMP0683,Rahul Gupta,Male,21,HR,Recruiter,Coimbatore,18-02-2018,8.4,62500,3,92.05036232,No,26,4,35,No,No,
EMP0684,Ajay Balan,Female,25,Finance,Financial Analyst,Hyderabad,31-08-2021,4.9,74000,3,94,No,25,2,41,Yes,No,
EMP0685,Prakash Singh,Male,44,IT,IT Support Executive,Chennai,05-05-2019,7.2,71500,4,99,No,24,5,36,Yes,No,
EMP0686,Meena Nair,Female,40,Finance,Finance Manager,Madurai,20-09-2022,3.9,59000,3,87.3,No,38,4,46,No,No,
EMP0687,Keerthi Krishnan,Male,23,Finance,Finance Executive,Pune,25-03-2025,1.4,48000,4,90.1,No,18,5,40,No,No,
EMP0688,Ravi Das,Female,29,Customer Service,Team Leader,Hyderabad,20-07-2019,7,62000,4,87.8,No,54,5,49,No,No,
EMP0689,Dinesh Rajan,Male,39,Marketing,Marketing Manager,Coimbatore,09-07-2021,5.1,71000,4,87.4,Yes,17,3,49,No,No,
EMP0690,Swathi Balan,Male,46,IT,Data Analyst,Madurai,27-04-2024,2.3,84000,5,88.7,No,31,3,39,No,No,
EMP0691,Vignesh Patel,Female,33,Sales,Sales Analyst,Madurai,07-02-2018,8.5,64000,4,90.9,Yes,25,1,40,No,Yes,03-09-2023
EMP0692,Anjali Verma,Male,54,Operations,Operations Executive,Chennai,08-02-2021,5.5,55500,2,95.2,Yes,21,3,47,No,No,
EMP0693,Lavanya Gupta,Female,55,Sales,Sales Manager,Hyderabad,20-01-2019,7.5,62500,4,93.8,Yes,61,5,49,No,No,
EMP0694,Ravi Nair,Female,47,Sales,Sales Manager,Hyderabad,09-04-2022,4.3,55000,3,86.2,No,21,3,35,Yes,No,
EMP0695,Hari Iyer,Female,36,Operations,Process Associate,Madurai,07-06-2023,3.2,47000,4,99.1,No,23,3,45,No,No,
EMP0696,Aishwarya Patel,Male,51,IT,IT Support Executive,Chennai,29-05-2017,9.2,82000,2,97.2,No,18,3,35,No,No,
EMP0697,Meena Gupta,Female,46,Marketing,Marketing Executive,Madurai,15-11-2017,8.7,64500,2,87,Yes,29,4,41,No,No,
EMP0698,Ravi Sharma,Male,39,IT,IT Support Executive,Chennai,25-03-2016,10.4,78500,4,98.7,No,26,5,49,No,No,
EMP0699,Aishwarya Nair,Male,36,Marketing,Marketing Manager,Bengaluru,14-02-2016,10.5,75000,4,93.8,No,11,2,59,No,No,
EMP0700,Keerthi MeNon,Female,50,Sales,Sales Executive,Coimbatore,04-07-2016,10.1,64000,4,91.1,No,22,2,43,No,No,
EMP0701,Rahul Kumar,Female,40,Sales,Sales Analyst,Chennai,25-01-2023,3.5,55500,4,94,No,37,5,38,No,No,
EMP0702,Prakash Kumar,Male,27,Sales,Business Development Executive,Bengaluru,15-01-2025,1.5,49000,4,91.9,No,43,4,41,Yes,Yes,29-04-2026
EMP0703,Meena Balan,Male,55,Sales,Sales Analyst,Pune,05-02-2020,6.5,51500,4,95,Yes,28,3,44,No,No,
EMP0704,Sneha Reddy,Female,23,Operations,Process Associate,Chennai,29-10-2024,1.8,45500,3,93,No,29,5,41,No,Yes,13-04-2026
EMP0705,Divya Das,Female,45,Sales,Sales Manager,Madurai,19-04-2023,3.3,44000,4,90.1,No,23,2,39,No,No,
EMP0706,Deepa Iyer,Male,43,IT,IT Support Executive,Coimbatore,29-01-2024,2.5,65500,4,80.9,No,20,4,42,No,No,
EMP0707,Suresh Reddy,Female,41,Operations,Operations Manager,Chennai,26-05-2023,3.2,51000,3,94.9,No,14,3,46,No,No,
EMP0708,Aishwarya Das,Male,22,Operations,Operations Manager,Coimbatore,30-12-2017,8.6,74500,3,89.9,No,5,4,43,No,No,
EMP0709,Deepa Singh,Male,38,Finance,Finance Manager,Coimbatore,26-03-2021,5.3,68500,5,96.3,No,17,1,40,Yes,Yes,27-12-2023
EMP0710,Divya Pillai,Female,52,IT,IT Manager,Chennai,04-03-2021,5.3,71000,3,94.6,No,42,3,41,Yes,No,
EMP0711,Aishwarya Kumar,Female,29,Customer Service,Customer Support Analyst,Chennai,01-06-2022,4.2,37000,4,90.1,Yes,22,4,42,No,No,
EMP0712,Suresh Singh,Male,45,Marketing,Marketing Manager,Hyderabad,18-12-2023,2.6,49500,4,97.6,No,23,3,39,No,No,
EMP0713,Rahul Gupta,Male,51,Operations,Operations Manager,Madurai,15-02-2017,9.5,63000,3,93.1,Yes,23,5,40,Yes,No,
EMP0714,Sneha Iyer,Male,54,Operations,Operations Manager,Bengaluru,30-09-2022,3.8,62000,3,92.9,No,47,5,47,No,No,
EMP0715,Meena Pillai,Female,39,Operations,Operations Analyst,Bengaluru,01-05-2024,2.3,50000,4,91.2,No,14,2,43,No,No,
EMP0716,Vijay Singh,Male,31,Sales,Sales Analyst,Hyderabad,25-02-2017,9.4,71500,3,100,Yes,32,4,35,No,No,
EMP0717,Sanjay Rajan,Male,45,IT,IT Support Executive,Bengaluru,24-02-2020,6.4,71000,5,88.1,No,27,2,49,No,No,
EMP0718,Rahul Sharma,Female,38,HR,HR Analyst,Hyderabad,15-12-2024,1.6,45500,4,90.2,Yes,29,3,46,No,No,
EMP0719,Sneha Nair,Male,42,Marketing,Marketing Analyst,Bengaluru,30-03-2016,10.3,72500,3,85.2,No,32,4,37,No,No,
EMP0720,Vignesh Verma,Female,46,Customer Service,Customer Service Manager,Madurai,09-08-2017,9,63500,4,96,No,29,3,42,Yes,No,
EMP0721,Pooja Pillai,Male,45,IT,Data Analyst,Madurai,15-01-2024,2.5,82500,4,88.8,No,40,4,40,No,No,
EMP0722,Arun Das,Female,29,Finance,Finance Executive,Madurai,19-09-2017,8.9,68500,5,89.4,No,28,3,47,No,No,
EMP0723,Kavya Sharma,Male,47,HR,HR Executive,Madurai,08-01-2023,3.6,58500,3,89.2,No,54,3,42,No,No,
EMP0724,Dinesh Singh,Male,39,Customer Service,Customer Service Executive,Chennai,04-01-2025,1.6,34500,4,92.3,No,29,4,44,Yes,No,
EMP0725,Mohan Singh,Male,53,HR,HR Manager,Madurai,26-12-2020,5.6,54500,3,85.1,No,2,3,43,No,No,
EMP0726,Ajay Iyer,Female,44,HR,HR Executive,Madurai,05-11-2020,5.7,44000,4,79.7,Yes,38,3,37,No,Yes,21-09-2024
EMP0727,MaNoj Sharma,Female,52,Sales,Business Development Executive,Chennai,15-04-2020,6.3,64500,3,94.5,No,34,4,51,No,No,
EMP0728,Dinesh Patel,Male,55,HR,HR Manager,Chennai,24-09-2019,6.9,60500,4,80.4,Yes,28,4,47,No,Yes,11-02-2026
EMP0729,Suresh Patel,Male,55,Finance,Accountant,Bengaluru,20-10-2019,6.8,68000,4,96.7,No,24,2,40,No,Yes,13-09-2025
EMP0730,Gokul Krishnan,Female,47,IT,IT Manager,Coimbatore,15-07-2021,5,73000,5,100,No,0,4,45,No,No,
EMP0731,Shalini Patel,Male,41,Sales,Sales Analyst,Hyderabad,15-12-2024,1.6,44500,3,91.1,No,0,3,49,No,Yes,30-06-2026
EMP0732,Nisha Kumar,Male,25,HR,HR Manager,Coimbatore,25-10-2025,0.8,42500,3,99.1,No,53,2,44,No,No,
EMP0733,Sanjay Kumar,Female,34,HR,HR Executive,Hyderabad,29-08-2024,1.9,49000,4,91.9,Yes,19,1,52,No,No,
EMP0734,Harini Krishnan,Male,37,Finance,Accountant,Hyderabad,13-03-2017,9.4,77500,3,100,No,42,4,59,No,No,
EMP0735,Kavya MeNon,Male,48,HR,HR Analyst,Chennai,25-01-2019,7.5,60500,4,89.5,Yes,4,3,43,No,No,
EMP0736,Harini Rajan,Male,41,Marketing,Marketing Manager,Pune,28-07-2023,3,58000,4,79,No,12,2,41,No,Yes,18-02-2026
EMP0737,Mohan Gupta,Male,36,Sales,Sales Executive,Chennai,15-06-2021,5.1,56000,5,91.6,No,38,4,39,No,No,
EMP0738,Pooja MeNon,Male,26,Sales,Business Development Executive,Coimbatore,06-05-2019,7.2,61500,4,100,No,26,4,35,No,No,
EMP0739,Swathi Rajan,Female,46,Finance,Financial Analyst,Hyderabad,10-02-2019,7.5,76500,3,94.9,No,36,3,50,No,No,
EMP0740,Harini Nair,Female,36,Finance,Accountant,Madurai,03-03-2017,9.4,68500,4,89.2,No,28,4,42,No,No,
EMP0741,Nisha Pillai,Male,22,HR,Recruiter,Coimbatore,29-04-2019,7.3,60000,4,93.8,No,25,5,48,No,No,
EMP0742,Priya Singh,Female,30,HR,HR Executive,Madurai,21-03-2020,6.4,51500,3,97.3,Yes,18,5,49,Yes,Yes,27-10-2022
EMP0743,Dinesh Iyer,Male,51,Operations,Operations Analyst,Chennai,28-02-2020,6.4,56000,5,91.5,Yes,10,5,39,Yes,No,
EMP0744,Sanjay Reddy,Female,25,HR,HR Manager,Chennai,27-06-2021,5.1,46000,4,100,Yes,49,4,39,No,No,
EMP0745,Anjali Iyer,Male,35,IT,IT Manager,Chennai,24-09-2018,7.9,82000,3,89.2,No,52,3,53,No,No,
EMP0746,Suresh Balan,Female,38,IT,Software Analyst,Chennai,22-01-2018,8.5,35175,5,97.5,Yes,12,3,44,No,No,
EMP0747,Swathi Balan,Male,23,Sales,Sales Manager,Coimbatore,16-11-2024,1.7,47000,4,96.2,Yes,11,4,41,No,Yes,12-09-2025
EMP0748,Deepa Gupta,Male,26,Finance,Finance Executive,Coimbatore,20-01-2020,6.5,70000,2,88.2,No,23,2,39,No,No,
EMP0749,Shalini MeNon,Male,53,Operations,Operations Executive,Madurai,19-07-2018,8,75500,3,89.7,No,33,3,43,No,No,
EMP0750,Ravi Krishnan,Male,41,Operations,Operations Manager,Bengaluru,11-05-2022,4.2,56500,5,97.6,No,25,2,52,Yes,No,
EMP0751,Vignesh Nair,Male,28,Sales,Sales Manager,Chennai,04-06-2021,5.2,53000,5,92.8,Yes,35,4,47,No,No,
EMP0752,MaNoj Verma,Female,26,Sales,Sales Manager,Chennai,06-10-2021,4.8,52500,4,93.9,No,27,3,45,Yes,No,
EMP0753,Pooja Rajan,Female,35,Sales,Sales Analyst,Bengaluru,20-03-2018,8.4,65000,5,83,Yes,26,3,52,No,Yes,23-01-2022
EMP0754,Ravi Iyer,Male,46,IT,Data Analyst,Pune,26-03-2023,3.4,80500,5,95.6,No,64,4,51,Yes,No,
EMP0755,MaNoj Pillai,Female,46,Marketing,Digital Marketing Executive,Madurai,03-12-2017,8.7,67000,4,93.6,No,20,2,46,No,No,
EMP0756,Shalini Pillai,Female,27,Sales,Sales Manager,Chennai,13-05-2024,2.2,53000,4,91.6,No,53,3,58,No,No,
EMP0757,Mohan Reddy,Female,46,Sales,Sales Executive,Hyderabad,29-03-2020,6.3,64000,4,94,No,50,4,43,No,No,
EMP0758,Keerthi Reddy,Female,52,Customer Service,Customer Service Executive,Hyderabad,03-02-2020,6.5,41000,4,89.7,Yes,36,4,49,No,No,
EMP0759,Priya Sharma,Female,28,HR,Recruiter,Madurai,20-11-2019,6.7,53500,3,88.7,No,0,3,42,No,No,
EMP0760,Dinesh MeNon,Male,21,Finance,Finance Manager,Chennai,25-03-2020,6.4,64500,4,90.7,No,28,4,49,Yes,Yes,01-01-2023
EMP0761,Anjali Kumar,Female,54,Marketing,Marketing Executive,Chennai,27-08-2022,3.9,59000,5,89.4,Yes,20,3,43,No,No,
EMP0762,Rahul Nair,Female,39,Sales,Sales Executive,Coimbatore,19-12-2020,5.6,62500,3,100,No,28,3,46,No,Yes,25-01-2026
EMP0763,Shalini Singh,Male,48,HR,HR Manager,Pune,08-04-2017,9.3,78500,3,97,Yes,12,4,56,Yes,No,
EMP0764,Harini Verma,Male,32,HR,Recruiter,Bengaluru,30-08-2021,4.9,50500,4,86.7,Yes,39,4,49,Yes,No,
EMP0765,Shalini Pillai,Male,31,Customer Service,Customer Service Manager,Madurai,02-09-2018,7.9,53500,3,100,No,43,4,46,No,No,
EMP0766,Anjali Pillai,Female,28,HR,HR Manager,Bengaluru,30-01-2017,9.5,69500,2,89.6,Yes,46,4,40,No,No,
EMP0767,Lavanya Balan,Male,28,Sales,Business Development Executive,Hyderabad,26-05-2024,2.2,48000,4,92.2,No,22,2,45,Yes,No,
EMP0768,Sneha Nair,Female,37,HR,HR Executive,Madurai,16-02-2019,7.5,61000,3,96.9,Yes,12,4,39,No,No,
EMP0769,Keerthi Kumar,Female,24,HR,HR Analyst,Hyderabad,13-12-2021,4.6,52000,3,81.2,No,33,4,48,No,No,
EMP0770,Prakash Singh,Female,50,IT,Software Analyst,Madurai,19-09-2017,8.9,82500,3,90.7,No,54,4,48,Yes,No,
EMP0771,Arun Nair,Male,38,Sales,Sales Executive,Madurai,24-05-2019,7.2,62500,5,88.8,No,29,3,43,No,No,
EMP0772,Nisha MeNon,Female,53,IT,IT Manager,Coimbatore,10-11-2019,6.7,78500,4,93.1,No,35,4,52,No,No,
EMP0773,Hari Patel,Female,38,IT,IT Support Executive,Madurai,04-05-2017,9.2,85500,3,94,No,24,2,52,No,No,
EMP0774,Hari Verma,Male,31,Operations,Operations Executive,Pune,25-09-2025,0.8,46000,2,91.6,No,20,3,45,Yes,No,
EMP0775,Ravi Patel,Female,39,HR,HR Executive,Coimbatore,12-02-2019,7.5,56000,3,91.3,Yes,38,3,47,Yes,No,
EMP0776,Divya Patel,Male,26,Operations,Operations Executive,Madurai,29-10-2021,4.8,55500,4,97.9,No,26,2,41,No,No,
EMP0777,Suresh Balan,Female,49,IT,Data Analyst,Madurai,27-08-2021,4.9,77500,4,93.7,No,34,3,43,No,No,
EMP0778,Divya Das,Male,46,Sales,Sales Analyst,Coimbatore,17-04-2020,6.3,54000,4,92.2,Yes,36,4,39,No,No,
EMP0779,Aishwarya Iyer,Male,26,Operations,Operations Analyst,Madurai,09-11-2021,4.7,59000,4,92.8,No,33,2,42,Yes,Yes,05-09-2025
EMP0780,Rahul Krishnan,Male,41,Operations,Process Associate,Bengaluru,29-08-2021,4.9,52000,4,100,Yes,36,3,43,No,No,
EMP0781,Pooja Das,Male,39,Sales,Sales Executive,Madurai,19-10-2016,9.8,72500,3,92.9,Yes,15,2,36,Yes,No,
EMP0782,Gokul Sharma,Male,28,Customer Service,Team Leader,Madurai,10-09-2022,3.9,47000,4,89.2,No,14,5,47,No,No,
EMP0783,Sneha Reddy,Female,25,Finance,Accountant,Coimbatore,21-02-2017,9.4,73500,3,81.5,No,27,4,49,No,No,
EMP0784,Dinesh Verma,Male,47,IT,Data Analyst,Chennai,07-05-2020,6.2,88500,5,84.1,No,28,4,44,Yes,No,
EMP0785,Hari Iyer,Male,30,Customer Service,Customer Service Manager,Bengaluru,25-08-2019,6.9,57000,3,89.4,Yes,20,4,35,No,No,
EMP0786,Shalini Singh,Female,39,Finance,Finance Manager,Coimbatore,23-06-2020,6.1,69000,4,91.4,No,32,4,43,No,Yes,29-03-2026
EMP0787,Gokul Nair,Female,29,Operations,Operations Executive,Madurai,19-09-2016,9.9,72500,4,88.9,No,42,4,37,No,No,
EMP0788,Aishwarya Das,Male,43,Sales,Sales Analyst,Bengaluru,06-01-2023,3.6,59500,3,93.9,Yes,46,2,41,No,No,
EMP0789,Dinesh Pillai,Female,22,Operations,Operations Executive,Bengaluru,09-03-2020,6.4,59000,3,88.9,No,49,5,51,No,No,
EMP0790,Karthik Nair,Male,33,IT,Data Analyst,Hyderabad,10-08-2016,10,106500,3,87,Yes,8,5,35,Yes,No,
EMP0791,Sneha Gupta,Female,40,Sales,Sales Manager,Madurai,13-01-2016,10.5,65500,3,95.4,Yes,11,3,40,No,No,
EMP0792,Shalini Gupta,Male,36,Finance,Accountant,Madurai,26-05-2021,5.2,58500,4,99.5,Yes,24,3,48,No,No,
EMP0793,Anjali Iyer,Female,42,Sales,Sales Analyst,Bengaluru,30-08-2022,3.9,56500,2,85.9,Yes,29,1,40,No,Yes,06-11-2024
EMP0794,Ajay Balan,Female,27,HR,HR Analyst,Coimbatore,22-06-2021,5.1,48500,5,93.3,Yes,24,2,40,No,Yes,08-07-2026
EMP0795,Mohan Pillai,Female,36,HR,HR Analyst,Bengaluru,16-03-2023,3.4,53500,4,81.5,No,20,4,54,Yes,No,
EMP0796,Aishwarya Pillai,Female,47,Finance,Accountant,Coimbatore,27-07-2023,3,58500,4,83.9,No,23,5,46,Yes,No,
EMP0797,Anjali MeNon,Female,32,HR,HR Analyst,Bengaluru,20-09-2024,1.9,52000,2,88.8,Yes,35,4,49,Yes,Yes,02-07-2026
EMP0798,Swathi Rajan,Male,26,Sales,Sales Manager,Chennai,29-10-2025,0.8,45000,3,98.2,No,8,3,46,No,No,
EMP0799,Vignesh Sharma,Female,50,Marketing,Marketing Executive,Coimbatore,06-11-2024,1.7,50500,5,87.7,Yes,63,5,45,No,No,
EMP0800,Shalini Nair,Female,48,Marketing,Marketing Executive,Chennai,16-12-2023,2.6,55000,5,87.5,No,28,4,50,No,No,
EMP0801,Vijay MeNon,Female,44,Marketing,Digital Marketing Executive,Madurai,23-04-2020,6.3,60500,5,92.2,No,44,3,54,No,No,
EMP0802,MaNoj Patel,Male,48,Sales,Sales Manager,Bengaluru,14-01-2021,5.5,54000,4,92.2,No,19,5,36,No,No,
EMP0803,Lavanya Krishnan,Male,48,Operations,Operations Analyst,Coimbatore,28-02-2022,4.4,57500,4,87.7,No,37,2,44,No,No,
EMP0804,Hari Balan,Female,47,IT,Software Analyst,Madurai,11-09-2017,8.9,94500,3,100,Yes,30,2,44,No,No,
EMP0805,Prakash Rajan,Male,38,HR,Recruiter,Hyderabad,11-10-2022,3.8,48000,4,90.5,Yes,41,3,42,No,No,
EMP0806,Kavya Verma,Male,21,Sales,Sales Analyst,Bengaluru,18-11-2021,4.7,55000,2,92.6,No,25,3,49,No,Yes,06-11-2023
EMP0807,Prakash Kumar,Male,41,Marketing,Digital Marketing Executive,Coimbatore,15-03-2021,5.4,68000,2,89.8,No,51,3,45,No,Yes,14-02-2026
EMP0808,Anjali Iyer,Female,30,Sales,Sales Executive,Pune,05-05-2024,2.2,46500,2,94.4,No,6,4,54,No,No,
EMP0809,Swathi Gupta,Male,48,IT,Software Analyst,Madurai,15-11-2022,3.7,79000,4,98.8,No,42,3,50,No,No,
EMP0810,MaNoj Rajan,Male,37,Customer Service,Team Leader,Hyderabad,29-04-2025,1.3,41000,3,100,No,30,3,51,No,No,
EMP0811,Dinesh Iyer,Male,52,HR,HR Analyst,Chennai,07-10-2025,0.8,44000,4,87.8,No,13,3,38,No,No,
EMP0812,Sanjay Pillai,Female,41,HR,Recruiter,Chennai,02-04-2024,2.3,49000,3,98.1,No,57,1,40,No,No,
EMP0813,Hari Verma,Female,40,Customer Service,Team Leader,Madurai,24-12-2018,7.6,69000,2,95,Yes,56,2,40,Yes,No,
EMP0814,Dinesh Gupta,Male,53,IT,Data Analyst,Chennai,21-11-2017,8.7,97500,3,97.4,Yes,0,3,51,No,Yes,22-07-2021
EMP0815,Vignesh Rajan,Male,37,HR,HR Executive,Coimbatore,29-12-2018,7.6,66000,3,91.5,No,31,3,39,No,No,
EMP0816,Keerthi Iyer,Female,34,Operations,Operations Executive,Chennai,16-02-2023,3.5,56500,2,91,Yes,39,3,39,Yes,Yes,07-05-2025
EMP0817,Rahul Iyer,Male,34,Operations,Process Associate,Bengaluru,23-08-2024,1.9,50500,3,97.1,No,35,5,38,No,No,
EMP0818,Karthik Rajan,Female,51,IT,Software Analyst,Chennai,20-10-2024,1.8,80500,2,97.3,No,51,3,58,Yes,No,
EMP0819,Arun Pillai,Male,47,IT,IT Support Executive,Chennai,03-11-2022,3.7,72500,4,100,No,48,2,43,No,No,
EMP0820,Kavya Rajan,Female,26,Sales,Business Development Executive,Pune,23-10-2022,3.8,54500,4,93.1,No,32,3,47,Yes,No,
EMP0821,Ravi Balan,Male,38,HR,HR Manager,Bengaluru,09-07-2025,1.1,39000,2,91.4,No,62,5,38,Yes,Yes,05-01-2026
EMP0822,Hari Kumar,Female,33,IT,Data Analyst,Pune,10-11-2022,3.7,87000,3,78.5,No,42,5,49,No,No,
EMP0823,Karthik Das,Male,43,Sales,Sales Executive,Coimbatore,29-05-2017,9.2,70500,5,83.1,No,23,4,35,Yes,No,
EMP0824,Harini Sharma,Female,22,Marketing,Marketing Manager,Chennai,01-01-2021,5.6,67500,3,89.8,Yes,20,2,39,No,No,
EMP0825,Shalini Kumar,Female,45,Operations,Operations Manager,Coimbatore,03-08-2019,7,68000,4,85.9,No,47,4,40,No,No,
EMP0826,MaNoj Iyer,Female,46,HR,HR Analyst,Coimbatore,15-05-2022,4.2,61500,4,96.5,Yes,16,4,45,No,No,
EMP0827,Ajay Verma,Male,28,IT,IT Support Executive,Chennai,11-05-2022,4.2,69500,4,84.8,Yes,22,3,40,Yes,No,
EMP0828,Vijay MeNon,Male,26,Sales,Sales Executive,Hyderabad,12-11-2018,7.6,64000,4,89.2,No,24,3,52,Yes,No,
EMP0829,Meena MeNon,Female,42,Operations,Operations Manager,Coimbatore,30-12-2018,7.6,57500,3,89.5,Yes,33,3,47,Yes,No,
EMP0830,Priya Nair,Female,29,Sales,Sales Manager,Bengaluru,20-11-2016,9.7,69500,4,98.6,Yes,25,3,41,No,No,
EMP0831,Vignesh Krishnan,Male,53,IT,Data Analyst,Coimbatore,07-12-2018,7.6,91500,4,88.7,Yes,8,2,49,No,No,
EMP0832,Vignesh Krishnan,Male,48,IT,Data Analyst,Coimbatore,11-04-2024,2.3,81500,3,94.5,No,45,5,42,No,No,
EMP0833,Sneha Singh,Male,54,Finance,Accountant,Chennai,21-07-2022,4,60500,2,93.1,No,22,4,41,Yes,No,
EMP0834,Gokul Krishnan,Female,39,Marketing,Marketing Executive,Pune,07-06-2025,1.1,51000,5,97,Yes,58,3,48,Yes,No,
EMP0835,Swathi Verma,Female,53,Marketing,Marketing Executive,Madurai,06-04-2025,1.3,49000,4,96.7,No,33,4,35,Yes,Yes,22-03-2026
EMP0836,Divya Pillai,Female,21,IT,IT Manager,Chennai,26-07-2024,2,71500,3,91.8,Yes,47,4,48,Yes,No,
EMP0837,Divya Pillai,Female,31,Marketing,Marketing Analyst,Chennai,18-10-2017,8.8,56500,3,82.7,No,37,5,40,No,No,
EMP0838,Prakash Reddy,Male,21,Customer Service,Customer Service Executive,Bengaluru,04-05-2019,7.2,51000,3,90.7,Yes,48,4,40,Yes,No,
EMP0839,MaNoj Kumar,Male,44,Finance,Financial Analyst,Pune,28-07-2016,10,87500,2,91.9,No,37,4,54,No,No,
EMP0840,Meena Iyer,Male,38,IT,Data Analyst,Hyderabad,07-12-2016,9.6,108000,2,93.6,No,32,3,41,Yes,No,
EMP0841,Deepa Rajan,Female,31,HR,HR Manager,Bengaluru,24-04-2018,8.3,67000,3,87.9,No,44,3,49,No,No,
EMP0842,Prakash Nair,Male,31,Operations,Operations Analyst,Pune,20-10-2018,7.8,72000,3,98.3,No,65,5,45,No,No,
EMP0843,Shalini Patel,Male,43,IT,IT Manager,Bengaluru,26-02-2016,10.4,90000,2,92.1,No,24,4,46,Yes,No,
EMP0844,Mohan Krishnan,Male,27,Finance,Accountant,Madurai,05-06-2024,2.2,55500,4,86.9,No,40,3,43,No,No,
EMP0845,Harini Reddy,Male,39,HR,HR Manager,Coimbatore,09-04-2021,5.3,58000,4,89.5,No,28,4,42,No,No,
EMP0846,Ravi MeNon,Female,42,Operations,Process Associate,Chennai,23-07-2022,4,51000,4,100,No,36,4,52,No,No,
EMP0847,Arun Pillai,Male,29,Finance,Financial Analyst,Chennai,15-07-2022,4,63000,3,95.7,No,29,1,49,No,No,
EMP0848,Sanjay Kumar,Male,28,Marketing,Marketing Executive,Madurai,01-09-2025,0.9,46000,2,97.8,Yes,0,2,42,No,Yes,29-12-2025
EMP0849,Sneha Kumar,Female,33,Sales,Business Development Executive,Chennai,22-06-2017,9.1,64000,4,86.3,Yes,25,4,39,No,Yes,05-09-2025
EMP0850,Sanjay MeNon,Male,41,Customer Service,Customer Service Manager,Pune,05-06-2019,7.2,56000,4,88.2,Yes,43,1,41,No,No,
EMP0851,Karthik Das,Male,29,Sales,Sales Executive,Pune,31-01-2019,7.5,62500,4,88.3,No,17,2,49,No,Yes,11-01-2024
EMP0852,MaNoj Reddy,Male,34,Sales,Sales Manager,Madurai,07-07-2021,5.1,54500,5,93,No,42,3,50,No,No,
EMP0853,Hari Gupta,Female,40,Operations,Process Associate,Bengaluru,06-04-2021,5.3,51500,3,91,Yes,31,4,47,No,Yes,20-02-2026
EMP0854,Lavanya Rajan,Male,27,Customer Service,Customer Service Manager,Madurai,26-11-2023,2.7,44500,1,89.3,No,25,4,36,No,Yes,05-08-2025
EMP0855,Vignesh Das,Female,40,Sales,Sales Analyst,Chennai,10-08-2021,5,59500,3,90,No,42,5,48,Yes,No,
EMP0856,Sneha Verma,Female,25,Finance,Finance Manager,Madurai,04-05-2018,8.2,66000,4,87.6,No,38,3,51,No,No,
EMP0857,Nisha Singh,Female,25,Marketing,Digital Marketing Executive,Chennai,24-08-2021,4.9,54000,3,91,No,34,3,45,No,No,
EMP0858,Harini Das,Male,29,Operations,Process Associate,Madurai,22-08-2025,0.9,47000,2,98.1,No,43,2,54,Yes,Yes,24-04-2026
EMP0859,Karthik Sharma,Female,31,Finance,Financial Analyst,Chennai,15-10-2021,4.8,62500,2,83.7,Yes,31,3,37,No,No,
EMP0860,Prakash Patel,Male,22,IT,IT Support Executive,Chennai,04-12-2021,4.7,70500,3,93.9,No,3,4,47,No,No,
EMP0861,Rahul Kumar,Male,54,Marketing,Marketing Executive,Chennai,04-10-2017,8.8,76000,2,99.6,Yes,22,4,39,No,No,
EMP0862,Vignesh Das,Male,31,Marketing,Marketing Analyst,Pune,29-01-2016,10.5,80500,4,91,Yes,1,4,49,Yes,No,
EMP0863,Swathi Das,Male,49,Operations,Operations Executive,Chennai,04-02-2018,8.5,69500,3,89.1,No,38,4,47,No,No,
EMP0864,Ajay Pillai,Male,52,IT,Data Analyst,Madurai,01-04-2016,10.3,104500,3,97.1,No,41,5,53,Yes,No,
EMP0865,Hari MeNon,Male,49,HR,HR Manager,Coimbatore,10-07-2020,6.1,68000,3,86.6,No,42,3,46,No,Yes,20-07-2025
EMP0866,Gokul Kumar,Male,50,Operations,Operations Manager,Madurai,27-10-2024,1.8,38000,4,91.9,Yes,35,5,42,No,Yes,21-07-2026
EMP0867,Meena Gupta,Male,24,Operations,Operations Analyst,Coimbatore,19-06-2020,6.1,58000,3,86.3,No,43,3,42,No,No,
EMP0868,Rahul Nair,Female,34,Operations,Operations Analyst,Chennai,15-06-2022,4.1,58500,4,81.7,No,4,3,43,No,No,
EMP0869,Karthik Krishnan,Female,47,HR,HR Analyst,Bengaluru,22-07-2024,2,45500,4,91.2,No,26,3,41,Yes,Yes,04-10-2025
EMP0870,Shalini Iyer,Male,41,Sales,Sales Manager,Coimbatore,19-08-2023,3,56500,3,85.1,No,7,4,51,No,No,
EMP0871,Sanjay Balan,Female,21,Marketing,Marketing Analyst,Bengaluru,04-07-2022,4.1,56500,3,91.9,No,23,2,50,No,No,
EMP0872,Lavanya Verma,Male,40,HR,HR Executive,Coimbatore,04-11-2023,2.7,49500,3,98.1,No,52,3,37,Yes,No,
EMP0873,Kavya Sharma,Male,49,Customer Service,Team Leader,Madurai,21-10-2018,7.8,64500,3,100,No,44,2,44,No,No,
EMP0874,Mohan Das,Male,50,Finance,Finance Manager,Madurai,15-03-2020,6.4,64500,5,92.5,No,38,4,44,No,No,
EMP0875,Kavya Das,Male,34,Marketing,Marketing Analyst,Chennai,28-12-2019,6.6,60500,2,97.6,No,25,5,40,Yes,No,
EMP0876,Keerthi Nair,Male,29,Operations,Operations Executive,Coimbatore,27-12-2023,2.6,52000,3,94.2,No,13,4,46,No,No,
EMP0877,Meena Patel,Male,31,Finance,Financial Analyst,Chennai,02-02-2020,6.5,69500,4,89.9,No,31,4,51,No,No,
EMP0878,MaNoj Krishnan,Male,31,Sales,Business Development Executive,Madurai,17-05-2025,1.2,52500,3,81.4,Yes,45,4,48,No,No,
EMP0879,Priya Nair,Male,33,IT,IT Manager,Bengaluru,12-11-2017,8.7,87500,4,100,Yes,34,4,51,No,No,
EMP0880,Deepa Kumar,Male,31,IT,Software Analyst,Chennai,20-09-2017,8.9,99500,3,86.2,Yes,4,4,40,Yes,No,
EMP0881,Aishwarya Balan,Male,37,Finance,Financial Analyst,Chennai,01-03-2023,3.4,60000,3,99.6,No,30,4,44,Yes,No,
EMP0882,Meena MeNon,Male,22,IT,Software Analyst,Bengaluru,23-08-2023,2.9,71000,4,95,Yes,0,3,40,Yes,No,
EMP0883,MaNoj Iyer,Male,30,Customer Service,Customer Support Analyst,Madurai,16-10-2022,3.8,45000,5,86.6,Yes,40,3,45,Yes,No,
EMP0884,Karthik Pillai,Male,32,Finance,Finance Manager,Hyderabad,29-01-2019,7.5,82500,5,93.7,No,18,3,46,No,No,
EMP0885,Shalini Verma,Male,26,Sales,Sales Executive,Pune,03-02-2016,10.5,76000,3,100,Yes,10,3,49,No,No,
EMP0886,Karthik Pillai,Male,51,Finance,Finance Manager,Pune,20-03-2019,7.4,66500,3,100,No,29.46124031,2,51,No,No,
EMP0887,Hari Reddy,Male,44,Finance,Financial Analyst,Madurai,31-08-2020,5.9,73500,3,89.2,No,36,2,47,No,No,
EMP0888,Ravi Iyer,Female,52,HR,Recruiter,Chennai,16-02-2020,6.5,60000,4,88.1,Yes,31,4,40,No,Yes,28-07-2024
EMP0889,Meena Rajan,Male,40,Sales,Sales Analyst,Coimbatore,22-03-2025,1.4,40500,3,92.6,Yes,61,4,37,No,No,
EMP0890,Aishwarya Pillai,Male,24,Marketing,Marketing Manager,Bengaluru,21-08-2024,1.9,57000,4,91.1,No,38,3,47,No,No,
EMP0891,Harini Verma,Male,52,Sales,Sales Analyst,Bengaluru,02-10-2023,2.8,49500,4,98.6,No,18,5,52,Yes,No,
EMP0892,Divya Balan,Female,37,Customer Service,Customer Support Analyst,Madurai,21-03-2016,10.4,61500,3,91.58870968,No,36,2,44,Yes,Yes,11-01-2022
EMP0893,Shalini Reddy,Female,44,Sales,Sales Executive,Chennai,10-04-2017,9.3,67500,2,82.7,Yes,24,4,36,No,No,
EMP0894,Dinesh Patel,Female,34,HR,HR Manager,Chennai,04-05-2020,6.2,63500,4,94.5,No,47,5,54,No,Yes,09-09-2022
EMP0895,Prakash Krishnan,Female,38,Marketing,Marketing Analyst,Chennai,21-03-2022,4.4,54000,2,91,No,32,4,46,No,No,
EMP0896,Hari Kumar,Male,38,Operations,Operations Analyst,Chennai,20-10-2022,3.8,46000,3,92.2,No,34,4,45,Yes,No,
EMP0897,Vignesh Reddy,Female,30,Sales,Sales Manager,Pune,18-12-2018,7.6,64000,3,93.4,No,6,4,38,No,No,
EMP0898,Vignesh Krishnan,Male,40,Sales,Sales Manager,Chennai,07-02-2017,9.5,58500,4,98.6,No,29,3,44,Yes,No,
EMP0899,Swathi Balan,Female,46,Sales,Sales Manager,Coimbatore,13-04-2019,7.3,60500,5,97.4,No,27,5,47,No,No,
EMP0900,Anjali Singh,Male,21,IT,Data Analyst,Pune,04-12-2023,2.7,87000,4,87.9,No,13,5,47,No,No,
EMP0901,Arun Balan,Male,25,Finance,Financial Analyst,Madurai,12-11-2025,0.7,60500,5,91.7,No,25,3,41,No,No,
EMP0902,Meena Sharma,Female,50,Sales,Sales Executive,Coimbatore,02-06-2025,1.2,51000,4,89.5,No,35,4,44,No,No,
EMP0903,Aishwarya Iyer,Male,40,HR,HR Executive,Bengaluru,07-12-2021,4.6,57000,4,82.7,No,28,2,41,No,No,
EMP0904,Vijay Rajan,Female,55,IT,IT Support Executive,Madurai,28-11-2016,9.7,92000,5,91.4,No,7,5,52,No,No,
EMP0905,Hari Patel,Male,42,Customer Service,Team Leader,Madurai,05-09-2025,0.9,45000,3,100,No,24,4,48,Yes,No,
EMP0906,Pooja Patel,Female,43,Marketing,Digital Marketing Executive,Hyderabad,12-07-2017,9.1,72500,3,82.6,No,21,5,41,Yes,No,
EMP0907,Mohan Patel,Female,52,IT,IT Manager,Bengaluru,07-09-2018,7.9,80500,4,91.9,Yes,31,3,38,No,No,
EMP0908,Aishwarya Singh,Male,44,HR,HR Executive,Hyderabad,28-09-2025,0.8,48500,3,91.7,No,29,2,45,No,Yes,07-07-2026
EMP0909,Arun Singh,Female,32,Sales,Business Development Executive,Pune,14-01-2021,5.5,59000,4,93.6,No,22,5,42,No,No,
EMP0910,Anjali Reddy,Female,39,Sales,Business Development Executive,Madurai,23-12-2017,8.6,75000,3,86.7,No,21,4,42,Yes,No,
EMP0911,Divya Balan,Female,29,Marketing,Digital Marketing Executive,Bengaluru,08-01-2021,5.6,59000,3,84.2,No,29,2,38,Yes,No,
EMP0912,Hari Rajan,Male,32,Operations,Operations Manager,Coimbatore,15-10-2016,9.8,76000,5,84.4,Yes,42,5,39,No,No,
EMP0913,Harini Patel,Male,44,Operations,Operations Executive,Bengaluru,27-02-2019,7.4,66000,2,99.3,No,32,5,45,No,No,
EMP0914,Vijay Kumar,Female,26,Customer Service,Customer Service Executive,Bengaluru,10-07-2025,1.1,34000,4,86.6,Yes,49,3,43,No,No,
EMP0915,Anjali Kumar,Male,44,Customer Service,Customer Service Executive,Bengaluru,26-12-2018,7.6,53500,4,89.3,Yes,45,3,56,Yes,No,
EMP0916,MaNoj MeNon,Male,41,Customer Service,Team Leader,Hyderabad,04-12-2024,1.7,51000,2,100,Yes,50,4,47,Yes,No,
EMP0917,Nisha Verma,Male,31,HR,HR Analyst,Madurai,06-06-2021,5.2,57000,3,88,No,49,2,38,No,No,
EMP0918,Vignesh Nair,Female,22,HR,HR Executive,Bengaluru,23-07-2022,4,51500,3,93.9,No,51,3,36,No,No,
EMP0919,Keerthi Singh,Male,45,Sales,Sales Executive,Chennai,12-01-2023,3.6,49000,4,97.9,Yes,11,5,46,No,No,
EMP0920,Suresh Iyer,Female,49,IT,Software Analyst,Coimbatore,07-07-2021,5.1,83000,3,97.6,No,38,3,42,No,No,
EMP0921,Swathi Rajan,Female,46,HR,Recruiter,Bengaluru,05-05-2016,10.2,59000,3,84.7,No,46,3,51,No,No,
EMP0922,Sanjay Verma,Male,35,Operations,Operations Manager,Hyderabad,11-03-2025,1.4,51500,2,88.1,Yes,49,3,45,Yes,Yes,09-03-2026
EMP0923,Nisha Das,Male,43,IT,IT Support Executive,Madurai,01-10-2020,5.8,65500,5,93.7,No,16,4,35,No,No,
EMP0924,Harini Krishnan,Female,35,IT,Software Analyst,Coimbatore,22-07-2022,4,80500,4,100,Yes,38,1,39,No,No,
EMP0925,Ajay Verma,Male,33,Sales,Sales Executive,Madurai,16-07-2021,5,59000,4,87.8,Yes,29,4,41,Yes,No,
EMP0926,Priya Das,Female,32,Sales,Sales Executive,Chennai,02-08-2022,4,57000,3,89.3,Yes,56,5,46,No,No,
EMP0927,Anjali Rajan,Female,28,Sales,Business Development Executive,Chennai,19-07-2019,7,55500,3,94.3,No,7,5,39,Yes,No,
EMP0928,Swathi Krishnan,Female,54,Operations,Operations Manager,Pune,08-06-2024,2.1,49000,5,95.4,No,16,4,45,No,Yes,15-09-2025
EMP0929,Mohan Balan,Male,44,IT,Data Analyst,Madurai,30-03-2018,8.3,98000,2,95.7,No,1,5,37,No,No,
EMP0930,Suresh Singh,Female,27,Marketing,Marketing Executive,Pune,14-07-2022,4,56500,4,87.3,No,30,5,44,No,No,
EMP0931,Divya MeNon,Female,51,Sales,Sales Analyst,Chennai,12-10-2021,4.8,61500,2,89.1,No,62,3,46,No,No,
EMP0932,Prakash Reddy,Male,26,Finance,Finance Manager,Bengaluru,13-01-2021,5.5,60500,3,93.2,Yes,27,4,51,No,Yes,12-10-2025
EMP0933,Meena Nair,Female,41,Finance,Financial Analyst,Coimbatore,21-03-2016,10.4,74000,3,98.9,Yes,29.46124031,5,45,No,No,
EMP0934,Keerthi Krishnan,Female,26,Marketing,Marketing Manager,Bengaluru,24-11-2019,6.7,67000,3,91.30136364,No,36,2,40,No,No,
EMP0935,MaNoj Iyer,Female,33,Operations,Operations Analyst,Bengaluru,22-06-2016,10.1,68000,3,91.9,Yes,26,4,51,Yes,Yes,23-05-2025
EMP0936,Ajay Nair,Male,44,Sales,Sales Executive,Bengaluru,11-01-2021,5.6,49500,1,86.4,Yes,33,4,43,No,No,
EMP0937,Rahul Singh,Male,55,Customer Service,Customer Service Manager,Pune,17-11-2022,3.7,44000,3,100,No,34,4,48,Yes,No,
EMP0938,Shalini MeNon,Male,55,HR,Recruiter,Coimbatore,23-03-2021,5.4,59500,3,92.8,Yes,15,3,41,No,Yes,13-07-2026
EMP0939,Karthik Gupta,Male,52,Operations,Operations Manager,Chennai,28-07-2023,3,46000,2,97.9,Yes,27,4,44,No,No,
EMP0940,Vijay MeNon,Male,29,HR,HR Executive,Chennai,11-08-2019,7,70500,5,92.2,No,39,4,40,No,No,
EMP0941,Pooja Krishnan,Female,24,Sales,Sales Analyst,Bengaluru,23-01-2019,7.5,58500,3,92.5,Yes,42,5,46,No,No,
EMP0942,Mohan Nair,Male,52,Operations,Operations Manager,Coimbatore,24-06-2020,6.1,60500,3,83.7,No,47,4,48,No,No,
EMP0943,Aishwarya Das,Female,53,Sales,Sales Manager,Coimbatore,17-04-2018,8.3,59000,3,80.2,Yes,33,3,42,No,No,
EMP0944,Ravi Sharma,Male,30,Finance,Financial Analyst,Coimbatore,08-01-2024,2.6,63000,3,98.9,No,33,3,41,No,No,
EMP0945,Pooja Singh,Male,21,Finance,Finance Executive,Madurai,05-02-2024,2.5,56000,5,92.4,No,39,3,46,No,No,
EMP0946,MaNoj Krishnan,Male,43,Sales,Business Development Executive,Bengaluru,01-03-2020,6.4,55000,5,93.1,No,19,4,40,No,No,
EMP0947,Deepa Rajan,Male,23,Marketing,Marketing Manager,Bengaluru,05-12-2023,2.7,65500,4,85.1,No,18,3,36,No,No,
EMP0948,Suresh Verma,Female,22,Operations,Operations Executive,Bengaluru,03-04-2016,10.3,68500,4,87,Yes,26,4,46,Yes,No,
EMP0949,Pooja Singh,Female,53,Operations,Process Associate,Unknown,19-07-2017,9,61500,5,97.8,No,9,4,43,No,No,
EMP0950,Harini Krishnan,Female,38,Sales,Sales Manager,Hyderabad,30-10-2018,7.8,67500,4,100,No,34,5,43,Yes,No,
EMP0951,Shalini Reddy,Male,24,IT,Software Analyst,Coimbatore,18-11-2019,6.7,97000,5,88.6,Yes,44,3,47,No,No,
EMP0952,Karthik Krishnan,Female,43,Sales,Sales Executive,Pune,26-04-2018,8.3,69500,4,95.7,Yes,17,3,47,No,No,
EMP0953,Prakash Das,Male,33,Sales,Business Development Executive,Chennai,14-02-2021,5.5,54000,4,93,No,35,5,43,No,No,
EMP0954,Ajay Sharma,Female,39,Sales,Sales Executive,Bengaluru,08-12-2023,2.6,50500,4,91.3,No,19,4,38,No,No,
EMP0955,Anjali Verma,Male,52,Customer Service,Customer Service Executive,Bengaluru,24-07-2020,6,38500,2,100,No,13,3,41,No,No,
EMP0956,Sneha MeNon,Male,29,Operations,Operations Analyst,Madurai,29-06-2020,6.1,64000,4,89.5,No,59,4,47,Yes,No,
EMP0957,Keerthi Reddy,Male,43,Operations,Operations Manager,Chennai,06-08-2016,10,62500,2,98.8,No,13,4,45,No,No,
EMP0958,Harini Krishnan,Male,49,IT,IT Support Executive,Coimbatore,20-10-2018,7.8,72500,2,94.1,No,9,2,41,No,Yes,25-09-2023
EMP0959,Harini Iyer,Male,35,IT,IT Support Executive,Madurai,27-01-2024,2.5,62500,4,92.19855908,No,31,5,40,No,No,
EMP0960,Mohan Balan,Female,54,IT,IT Manager,Pune,09-02-2024,2.5,70500,2,99.5,Yes,32,3,47,No,No,
EMP0961,Lavanya Singh,Female,36,IT,IT Manager,Madurai,15-01-2017,9.5,85500,3,93.6,No,38,5,43,No,No,
EMP0962,Meena Gupta,Female,37,Finance,Financial Analyst,Chennai,11-03-2016,10.4,90000,4,91.5,Yes,58,2,48,No,No,
EMP0963,Deepa Nair,Male,51,HR,HR Executive,Coimbatore,23-04-2024,2.3,51000,4,99.6,No,16,4,48,No,No,
EMP0964,Meena Balan,Female,43,HR,HR Executive,Madurai,28-09-2017,8.8,68000,3,98.9,No,19,3,42,No,Yes,10-06-2021
EMP0965,Pooja Verma,Male,51,Customer Service,Customer Support Analyst,Chennai,29-09-2021,4.8,42000,4,98.6,No,52,1,49,Yes,No,
EMP0966,Hari Pillai,Male,48,IT,Data Analyst,Coimbatore,08-04-2024,2.3,88000,3,72,Yes,42,4,45,Yes,No,
EMP0967,Meena Balan,Male,45,Customer Service,Customer Service Manager,Coimbatore,16-11-2023,2.7,38500,4,94.4,No,40,1,45,No,No,
EMP0968,Sneha Krishnan,Male,29,Sales,Sales Analyst,Chennai,04-07-2021,5.1,64000,2,93.2,Yes,19,3,35,No,No,
EMP0969,Ajay Reddy,Female,34,IT,Software Analyst,Coimbatore,07-10-2019,6.8,98000,3,91.8,Yes,45,5,39,No,No,
EMP0970,Prakash Sharma,Male,51,Sales,Business Development Executive,Coimbatore,27-09-2023,2.8,54500,4,95.4,No,40,3,39,No,No,
EMP0971,Vijay Das,Male,42,Sales,Sales Analyst,Bengaluru,12-12-2022,3.6,57000,4,93.4,No,31,2,42,No,No,
EMP0972,Ajay Das,Female,30,HR,HR Manager,Madurai,19-05-2024,2.2,34000,3,95.7,No,19,4,45,No,No,
EMP0973,Ajay Kumar,Male,32,HR,HR Manager,Chennai,20-02-2021,5.4,55000,3,90.5,Yes,30,3,45,No,No,
EMP0974,Vignesh Krishnan,Female,48,Customer Service,Customer Service Manager,Pune,02-06-2025,1.2,43000,3,100,No,53,3,45,No,No,
EMP0975,Hari Rajan,Male,27,Sales,Business Development Executive,Coimbatore,12-09-2023,2.9,57000,3,96.3,No,12,5,41,No,No,
EMP0976,Sneha Das,Female,24,IT,Software Analyst,Chennai,19-08-2016,9.9,91500,2,95,Yes,16,2,47,No,Yes,03-04-2023
EMP0977,Priya Reddy,Female,47,Finance,Finance Executive,Hyderabad,09-12-2018,7.6,68500,3,94.7,No,19,3,53,No,No,
EMP0978,Gokul Verma,Female,31,Finance,Accountant,Chennai,29-12-2023,2.6,45500,4,98.4,Yes,22,4,42,Yes,No,
EMP0979,Swathi Iyer,Female,47,IT,IT Support Executive,Hyderabad,28-02-2017,9.4,82000,3,97.6,Yes,28,3,41,Yes,No,
EMP0980,Rahul Rajan,Female,39,Sales,Sales Manager,Bengaluru,02-02-2023,3.5,43500,3,91.4,No,42,5,41,No,No,
EMP0981,Suresh Das,Female,55,Customer Service,Team Leader,Pune,29-05-2019,7.2,69500,3,97.4,No,35,3,44,No,No,
EMP0982,Deepa Singh,Male,39,Operations,Operations Analyst,Pune,26-01-2018,8.5,71500,4,93,No,29,4,41,No,No,
EMP0983,Prakash Rajan,Male,51,Marketing,Marketing Manager,Chennai,26-05-2021,5.2,57500,3,100,Yes,32,4,35,No,No,
EMP0984,Ajay MeNon,Female,50,Finance,Finance Executive,Bengaluru,26-04-2025,1.3,55500,3,98,Yes,37,3,37,No,No,
EMP0985,Priya Verma,Male,28,Sales,Business Development Executive,Madurai,23-12-2024,1.6,48500,3,88.6,No,3,3,49,No,No,
EMP0986,Harini Balan,Male,55,Customer Service,Customer Service Executive,Bengaluru,16-01-2020,6.5,49500,2,100,No,44,3,50,No,Yes,15-03-2024
EMP0987,Deepa Iyer,Male,47,Finance,Finance Manager,Coimbatore,14-01-2016,10.5,72000,4,80.4,No,16,4,52,Yes,No,
EMP0988,Sneha Iyer,Male,24,HR,HR Analyst,Chennai,16-11-2024,1.7,49000,3,95.5,Yes,21,2,45,No,Yes,14-09-2025
EMP0989,Karthik Das,Male,21,Finance,Accountant,Chennai,21-12-2024,1.6,47000,3,88.2,No,33,2,39,No,No,
EMP0990,Vignesh Krishnan,Female,30,Operations,Process Associate,Chennai,19-01-2022,4.5,44000,5,100,No,27,5,42,Yes,No,
EMP0991,Gokul Pillai,Female,21,IT,Data Analyst,Chennai,15-04-2022,4.3,85000,5,93.4,Yes,35,3,37,Yes,Yes,05-06-2025
EMP0992,Keerthi Sharma,Female,33,Marketing,Marketing Analyst,Chennai,08-04-2021,5.3,59000,2,87.6,Yes,30,4,36,No,Yes,23-07-2024
EMP0993,Lavanya Das,Male,55,Operations,Process Associate,Pune,15-02-2016,10.5,69000,4,90.5,Yes,24,3,45,No,No,
EMP0994,Dinesh Pillai,Male,37,Sales,Business Development Executive,Coimbatore,05-08-2017,9,65500,4,88.1,Yes,51,3,47,No,No,
EMP0995,Sanjay Sharma,Female,21,Customer Service,Customer Support Analyst,Hyderabad,07-06-2017,9.1,67000,3,90.3,Yes,39,5,54,No,No,
EMP0996,Mohan Pillai,Male,38,Finance,Accountant,Hyderabad,22-02-2025,1.4,54500,4,90.2,Yes,33,3,44,Yes,Yes,22-06-2026
EMP0997,Anjali Singh,Female,28,IT,Software Analyst,Bengaluru,01-07-2016,10.1,98500,2,87.9,Yes,38,3,37,No,No,
EMP0998,Divya Krishnan,Male,50,HR,HR Executive,Madurai,26-07-2021,5,56000,5,93.5,No,29.60805861,3,43,Yes,No,
EMP0999,Karthik Singh,Female,24,Customer Service,Team Leader,Hyderabad,18-08-2019,7,68000,4,94.2,No,61,3,43,Yes,No,
EMP1000,Keerthi Gupta,Male,47,Sales,Sales Analyst,Bengaluru,23-01-2016,10.5,73000,3,86.5,No,12,3,42,No,No,
EMP1001,Meena Verma,Female,36,HR,HR Manager,Bengaluru,11-03-2025,1.4,47500,3,82.9,No,30,3,46,No,No,
EMP1002,Arun Rajan,Female,21,Finance,Financial Analyst,Pune,07-03-2016,10.4,86500,2,93.7,Yes,24,5,38,No,No,
EMP1003,Divya Balan,Male,44,HR,Recruiter,Coimbatore,23-07-2024,2,37000,3,94.9,No,23,4,45,No,No,
EMP1004,Ravi Kumar,Female,36,Sales,Sales Manager,Coimbatore,11-10-2023,2.8,42000,3,96,No,21,3,47,No,No,
EMP1005,Aishwarya Nair,Male,48,IT,IT Support Executive,Hyderabad,09-12-2023,2.6,62000,2,95,No,16,4,51,Yes,No,
EMP1006,Sanjay Das,Female,42,Finance,Financial Analyst,Madurai,14-08-2017,9,78500,4,100,Yes,46,2,46,No,Yes,11-01-2021
EMP1007,Divya MeNon,Female,48,Customer Service,Customer Support Analyst,Hyderabad,23-10-2024,1.8,42500,5,97.5,Yes,10,5,49,No,No,
EMP1008,Shalini Patel,Male,37,Sales,Sales Manager,Chennai,27-12-2021,4.6,55000,3,100,No,43,5,42,Yes,Yes,25-09-2025
EMP1009,Shalini Nair,Male,21,Marketing,Marketing Analyst,Chennai,08-01-2020,6.6,66000,3,100,Yes,38,5,42,No,Yes,19-11-2024
EMP1010,Suresh Rajan,Female,25,Finance,Finance Manager,Coimbatore,23-10-2022,3.8,54500,4,82.3,Yes,22,4,51,Yes,No,
EMP1011,Vijay Iyer,Male,37,Marketing,Digital Marketing Executive,Chennai,01-06-2019,7.2,65500,3,79.9,Yes,36,4,37,Yes,Yes,31-12-2022
EMP1012,Keerthi Sharma,Female,34,IT,Data Analyst,Pune,17-10-2018,7.8,88500,2,92.19855908,No,26,5,42,No,No,
EMP1013,Dinesh Iyer,Female,48,IT,Software Analyst,Chennai,18-11-2018,7.7,93000,3,94.8,No,11,3,50,No,No,
EMP1014,Karthik Gupta,Female,35,Customer Service,Customer Service Executive,Bengaluru,10-09-2021,4.9,36000,3,91.6,Yes,12,3,43,No,No,
EMP1015,Dinesh Nair,Male,51,Finance,Accountant,Chennai,04-01-2022,4.6,63500,4,95.9,No,38,3,43,No,No,
EMP1016,Keerthi Verma,Female,27,Sales,Sales Analyst,Pune,27-05-2018,8.2,57500,3,90.5,No,37,5,43,No,No,
EMP1017,Suresh Iyer,Female,34,Marketing,Marketing Manager,Madurai,16-06-2018,8.1,65500,4,88.2,Yes,32,3,45,No,No,
EMP1018,Sanjay Reddy,Male,47,Operations,Process Associate,Chennai,18-06-2025,1.1,47500,2,89,No,22,2,49,No,Yes,10-02-2026
EMP1019,Sanjay Rajan,Male,25,HR,HR Executive,Chennai,23-02-2021,5.4,57000,4,90.9,Yes,25,4,49,No,No,
EMP1020,Lavanya Kumar,Male,32,Finance,Finance Executive,Unknown,08-08-2024,2,48000,3,96.6,No,23,4,44,No,Yes,27-05-2026
EMP1021,Suresh MeNon,Male,47,Operations,Operations Analyst,Pune,21-04-2019,7.3,60000,5,89.3,No,2,3,49,No,No,
EMP1022,Swathi Patel,Female,41,Marketing,Marketing Executive,Pune,18-11-2018,7.7,59500,3,90.4,No,29,4,46,No,No,
EMP1023,Harini Patel,Male,48,Customer Service,Team Leader,Madurai,29-10-2018,7.8,58000,4,91.58870968,No,36,5,48,No,No,
EMP1024,Sanjay Singh,Female,39,IT,IT Support Executive,Coimbatore,15-04-2021,5.3,70000,5,90.9,Yes,29,5,39,Yes,No,
EMP1025,Kavya Balan,Male,51,Marketing,Marketing Executive,Chennai,16-10-2023,2.8,56000,4,98.1,No,55,4,53,No,Yes,05-06-2025
EMP1026,Ravi Patel,Male,51,Sales,Sales Analyst,Coimbatore,02-01-2021,5.6,59500,3,86.9,No,13,3,45,No,No,
EMP1027,Aishwarya Sharma,Male,55,Customer Service,Team Leader,Coimbatore,13-12-2018,7.6,68000,3,85.7,No,18,5,35,No,No,
EMP1028,Ajay Nair,Female,25,Finance,Accountant,Chennai,07-08-2025,1,52500,5,93.7,No,30,3,52,No,No,
EMP1029,MaNoj Das,Female,41,Marketing,Marketing Analyst,Coimbatore,22-09-2021,4.9,57500,2,94.2,Yes,28.59360731,4,44,No,No,
EMP1030,Ajay Pillai,Male,24,Finance,Financial Analyst,Hyderabad,10-12-2019,6.6,68500,4,87.2,Yes,0,5,42,Yes,Yes,18-02-2025
EMP1031,Lavanya Rajan,Female,29,IT,Software Analyst,Chennai,05-02-2016,10.5,96500,3,99.4,Yes,37,4,41,No,No,
EMP1032,Keerthi Nair,Male,31,Marketing,Marketing Manager,Chennai,15-08-2021,5,53000,3,100,No,28.59360731,2,46,No,No,
EMP1033,Deepa Reddy,Male,43,IT,IT Support Executive,Chennai,18-03-2022,4.4,63500,2,88.5,No,0,2,40,Yes,Yes,13-03-2025
EMP1034,Vignesh Pillai,Male,36,Operations,Operations Executive,Chennai,15-04-2025,1.3,48000,5,100,No,26,3,41,No,No,
EMP1035,Priya Sharma,Female,51,Finance,Accountant,Chennai,22-04-2018,8.3,71000,3,78.9,Yes,16,4,41,No,No,
EMP1036,Arun Balan,Female,31,IT,Software Analyst,Bengaluru,17-08-2017,9,108500,2,97.9,Yes,21,4,43,No,No,
EMP1037,Vijay Krishnan,Female,42,Finance,Accountant,Chennai,29-12-2025,0.6,45500,5,87.3,Yes,8,5,41,Yes,No,
EMP1038,Meena Nair,Male,47,Finance,Financial Analyst,Bengaluru,07-03-2021,5.1,68500,3,97.4,No,34,4,48,No,No,
EMP1039,Hari Balan,Male,55,Finance,Finance Executive,Hyderabad,08-04-2016,10.3,70500,4,86.7,No,54,3,45,No,No,
EMP1040,Dinesh Das,Female,29,HR,Recruiter,Pune,21-01-2017,9.5,63000,4,91.6,No,32,2,46,Yes,No,
EMP1041,Mohan Rajan,Male,46,HR,Recruiter,Bengaluru,02-10-2020,5.8,53500,4,87.5,No,0,5,47,No,No,
EMP1042,Pooja Nair,Female,23,Marketing,Marketing Analyst,Chennai,05-03-2022,4.4,61000,1,90.8,No,32,3,44,No,No,
EMP1043,Karthik Nair,Female,40,Marketing,Marketing Analyst,Chennai,09-06-2018,8.1,65000,4,100,Yes,25,2,39,Yes,No,
EMP1044,Sneha Nair,Male,35,Marketing,Marketing Executive,Chennai,28-08-2019,6.9,63000,3,91.4,Yes,11,3,53,No,No,
EMP1045,Arun Balan,Female,54,HR,HR Executive,Pune,13-05-2023,3.2,48500,3,100,Yes,33,2,49,No,No,
EMP1046,Ravi MeNon,Female,48,Sales,Sales Analyst,Pune,04-09-2025,0.9,39000,3,89.9,Yes,41,3,52,No,No,
EMP1047,Mohan Gupta,Male,53,Sales,Sales Analyst,Madurai,28-11-2020,5.7,55000,2,100,No,18,3,49,No,No,
EMP1048,Rahul Reddy,Female,50,Operations,Operations Manager,Madurai,26-02-2020,6.4,59000,4,83.1,Yes,3,2,42,Yes,No,
EMP1049,Ajay Patel,Female,35,Operations,Operations Executive,Coimbatore,12-08-2019,7,62500,2,90.4,No,0,3,35,No,No,
EMP1050,Prakash Sharma,Male,46,Sales,Sales Analyst,Chennai,12-05-2017,9.2,69500,3,89.1,No,18,3,38,No,No,
EMP1051,Meena Balan,Female,22,Marketing,Marketing Manager,Pune,11-07-2016,10.1,71000,4,100,No,26,3,47,Yes,No,
EMP1052,Nisha Sharma,Male,40,HR,HR Manager,Chennai,04-05-2024,2.2,46500,4,93,No,20,2,43,No,No,
EMP1053,Sneha Nair,Female,22,Sales,Business Development Executive,Madurai,15-05-2016,10.2,64000,3,80.5,Yes,18,3,42,No,No,
EMP1054,Anjali Krishnan,Female,46,HR,HR Analyst,Madurai,17-03-2024,2.4,50500,5,84.8,No,37,3,35,No,No,
EMP1055,Sneha Balan,Female,54,Sales,Sales Executive,Chennai,22-06-2018,8.1,61000,4,86.4,Yes,35,4,44,Yes,No,
EMP1056,Meena Sharma,Male,44,Marketing,Marketing Executive,Madurai,13-12-2022,3.6,58500,3,97.1,No,31,4,39,No,Yes,03-05-2026
EMP1057,Arun MeNon,Female,50,Customer Service,Customer Service Executive,Hyderabad,08-07-2025,1.1,40500,2,96.4,No,40,5,40,No,Yes,07-05-2026
EMP1058,Mohan Rajan,Male,29,Sales,Business Development Executive,Chennai,28-06-2023,3.1,52500,2,90.3,Yes,18,5,48,No,No,
EMP1059,Meena Balan,Male,55,IT,IT Manager,Coimbatore,18-04-2023,3.3,66000,4,89,Yes,12,4,39,No,Yes,25-03-2026
EMP1060,Gokul Krishnan,Male,40,Marketing,Marketing Manager,Madurai,25-08-2018,7.9,66500,3,95.9,No,20,4,39,No,No,
EMP1061,Hari Balan,Female,44,Customer Service,Team Leader,Chennai,25-12-2021,4.6,59000,5,85.8,No,19,4,45,No,No,
EMP1062,Suresh Kumar,Male,47,IT,Data Analyst,Chennai,06-03-2022,4.2,84000,3,94.5,No,0,4,48,Yes,No,
EMP1063,Dinesh Das,Male,43,Sales,Sales Analyst,Chennai,02-04-2020,6.3,57000,3,94,No,20,3,42,No,No,
EMP1064,Prakash Iyer,Female,32,IT,IT Manager,Chennai,18-05-2016,10.2,91000,4,90.5,No,45,3,51,No,No,
EMP1065,Gokul Reddy,Male,42,Sales,Business Development Executive,Madurai,15-02-2025,1.5,51500,3,94.2,No,40,2,38,No,No,
EMP1066,Kavya Pillai,Male,43,Customer Service,Team Leader,Hyderabad,20-12-2017,8.6,66500,3,92.6,Yes,36,4,37,Yes,No,
EMP1067,Dinesh Sharma,Male,51,Finance,Finance Manager,Bengaluru,26-09-2025,0.8,44500,4,94.7,No,30,3,36,No,No,
EMP1068,Anjali Das,Male,37,Marketing,Marketing Analyst,Pune,28-04-2025,1.3,51500,4,84.7,No,50,5,36,No,No,
EMP1069,Vijay Rajan,Female,38,HR,HR Analyst,Madurai,09-03-2016,10.4,65500,4,95.4,No,12,4,46,No,No,
EMP1070,Suresh Reddy,Male,38,Finance,Finance Manager,Bengaluru,24-05-2023,3.2,59500,4,97.6,No,14,3,39,Yes,No,
EMP1071,Rahul Reddy,Male,25,Operations,Operations Analyst,Bengaluru,05-05-2022,4.2,55500,2,93.8,No,45,3,37,No,No,
EMP1072,Deepa Singh,Female,24,IT,IT Manager,Chennai,22-04-2018,8.3,75000,4,95.3,No,28,1,46,Yes,No,
EMP1073,Sanjay MeNon,Female,21,Finance,Accountant,Madurai,17-02-2024,2.5,57000,4,91.4,No,18,5,48,Yes,No,
EMP1074,MaNoj Pillai,Female,44,Customer Service,Customer Support Analyst,Coimbatore,10-02-2017,9.5,62000,4,96.9,Yes,36,2,49,No,No,
EMP1075,Hari Gupta,Female,35,Operations,Operations Executive,Hyderabad,27-06-2018,8.1,68000,4,92.4,No,21,4,48,No,Yes,28-01-2026
EMP1076,Keerthi Pillai,Female,51,Sales,Sales Manager,Madurai,28-06-2025,1.1,46500,3,85.7,Yes,15,4,39,No,Yes,17-12-2025
EMP1077,Ajay Rajan,Male,45,IT,Data Analyst,Chennai,06-06-2023,3.2,74000,4,96.5,No,15,5,45,Yes,No,
EMP1078,Sneha Pillai,Female,25,IT,Data Analyst,Pune,13-02-2017,9.5,105000,3,83,Yes,33,3,46,No,Yes,24-07-2025
EMP1079,Aishwarya Nair,Female,24,IT,IT Support Executive,Chennai,10-06-2017,9.1,81500,4,93.6,No,31,1,42,No,No,
EMP1080,Kavya Kumar,Male,33,Sales,Sales Executive,Pune,28-07-2018,8,58500,3,89.9,No,51,3,45,Yes,No,
EMP1081,Vignesh Singh,Male,53,Sales,Sales Executive,Hyderabad,14-09-2016,9.9,65000,4,89.5,Yes,24,3,38,No,No,
EMP1082,Nisha Iyer,Male,22,Customer Service,Customer Service Manager,Hyderabad,29-10-2017,8.8,59000,3,92.9,No,23,1,41,Yes,No,
EMP1083,Rahul Balan,Female,27,Customer Service,Team Leader,Hyderabad,19-09-2021,4.9,61500,5,88.1,No,50,3,46,Yes,No,
EMP1084,Vijay Sharma,Female,22,Operations,Operations Manager,Chennai,28-01-2016,10.5,69000,5,94.8,Yes,43,2,52,No,No,
EMP1085,Harini Das,Female,35,Customer Service,Customer Service Executive,Bengaluru,16-11-2018,7.7,55000,4,92.3,No,30,4,50,Yes,No,
EMP1086,Rahul Nair,Male,55,Marketing,Digital Marketing Executive,Unknown,21-02-2019,7.4,58000,5,88.6,No,5,3,47,No,No,
EMP1087,Dinesh Iyer,Male,44,Marketing,Marketing Analyst,Bengaluru,16-09-2025,0.9,43500,2,99.4,No,16,5,44,No,No,
EMP1088,Harini Verma,Male,38,Marketing,Digital Marketing Executive,Chennai,28-09-2025,0.8,39500,2,93.1,No,12,3,44,Yes,No,
EMP1089,Gokul Reddy,Male,26,IT,Software Analyst,Chennai,15-06-2024,2.1,72500,3,95.5,Yes,29,4,37,No,No,
EMP1090,Harini Nair,Female,33,Finance,Finance Executive,Madurai,02-06-2019,7.2,75500,3,99.8,Yes,20,3,40,No,No,
EMP1091,Dinesh Balan,Female,39,Sales,Sales Manager,Madurai,10-04-2021,5.3,66000,3,99.7,Yes,52,2,40,No,No,
EMP1092,Swathi Gupta,Female,30,IT,Data Analyst,Coimbatore,16-01-2021,5.5,90000,2,95.2,No,4,3,47,Yes,No,
EMP1093,Divya Singh,Female,45,Sales,Sales Executive,Hyderabad,08-08-2024,2,45500,4,90.3,Yes,11,4,49,No,No,
EMP1094,Prakash Rajan,Female,55,Sales,Business Development Executive,Bengaluru,17-06-2023,3.1,52000,5,84.1,No,32,4,48,No,No,
EMP1095,Nisha Pillai,Male,28,IT,IT Support Executive,Bengaluru,24-01-2025,1.5,62000,5,93.1,No,36,3,50,Yes,No,
EMP1096,Hari Patel,Male,29,Finance,Finance Executive,Chennai,06-07-2021,5.1,56000,4,98,Yes,0,2,44,Yes,No,
EMP1097,Ravi Iyer,Male,25,Sales,Business Development Executive,Madurai,11-03-2025,1.4,46000,4,93.9,No,2,4,39,No,No,
EMP1098,Mohan Sharma,Male,46,Operations,Operations Manager,Madurai,09-06-2023,3.1,58500,3,73.1,No,24,4,44,Yes,No,
EMP1099,Vijay Sharma,Male,37,Operations,Operations Executive,Chennai,22-05-2023,3.2,47500,4,96.8,Yes,48,4,40,Yes,No,
EMP1100,Mohan Pillai,Male,30,Sales,Sales Analyst,Chennai,13-08-2022,4,50000,5,97.1,Yes,56,3,47,No,No,
EMP1101,Rahul Pillai,Female,28,HR,HR Manager,Madurai,11-05-2019,7.2,61000,3,90.3,Yes,22,2,42,No,No,
EMP1102,Lavanya Reddy,Male,23,Sales,Sales Analyst,Chennai,01-02-2022,4.5,56000,3,97.4,No,25,4,44,No,No,
EMP1103,Priya Krishnan,Female,37,Operations,Process Associate,Coimbatore,26-07-2019,7,56000,4,95.5,Yes,15,3,47,No,No,
EMP1104,Swathi Gupta,Female,44,Operations,Operations Executive,Chennai,01-07-2022,4.1,55000,5,88.2,No,37,5,40,Yes,No,
EMP1105,Suresh Das,Female,29,HR,HR Analyst,Chennai,19-07-2018,8,65500,3,99,No,51,3,49,No,No,
EMP1106,Gokul Krishnan,Female,21,Operations,Operations Analyst,Chennai,29-12-2023,2.6,59500,3,85,Yes,47,3,37,No,No,
EMP1107,Keerthi Pillai,Male,37,HR,Recruiter,Bengaluru,18-09-2021,4.9,52000,3,91.7,No,28,4,46,No,No,
EMP1108,MaNoj Rajan,Female,44,Finance,Financial Analyst,Coimbatore,07-02-2023,3.5,65000,4,91.1,No,15,3,44,Yes,No,
EMP1109,Harini Rajan,Male,33,Customer Service,Customer Service Executive,Madurai,21-03-2018,8.4,60000,4,87.5,Yes,28,3,48,Yes,No,
EMP1110,Dinesh Balan,Female,29,Sales,Sales Manager,Chennai,02-12-2023,2.7,47500,3,93.7,No,49,3,37,No,No,
EMP1111,Aishwarya Krishnan,Male,26,Sales,Sales Analyst,Pune,10-01-2024,2.6,44000,4,92.01712159,Yes,22,2,36,No,No,
EMP1112,Ajay Rajan,Male,47,Finance,Finance Manager,Coimbatore,15-06-2017,9.1,75000,4,98.9,No,1,3,48,Yes,No,
EMP1113,Priya Nair,Female,51,IT,IT Manager,Bengaluru,02-07-2019,7.1,85500,5,96,Yes,23,5,42,No,No,
EMP1114,Harini Krishnan,Female,47,Customer Service,Customer Support Analyst,Coimbatore,11-10-2022,3.8,46500,4,82.7,No,24,4,44,Yes,No,
EMP1115,Ajay Reddy,Male,39,Customer Service,Team Leader,Hyderabad,26-09-2024,1.8,49500,3,84.7,No,1,4,41,No,No,
EMP1116,Ravi Verma,Female,46,HR,HR Analyst,Hyderabad,16-05-2023,3.2,44000,4,92.9,No,31,5,49,No,No,
EMP1117,Kavya Gupta,Male,34,HR,HR Analyst,Madurai,19-09-2020,5.9,57000,3,91.8,No,36,3,45,No,No,
EMP1118,Priya Reddy,Female,21,Operations,Operations Manager,Bengaluru,31-12-2018,7.6,69500,2,89.3,Yes,56,5,45,No,No,
EMP1119,Hari Krishnan,Male,33,Sales,Sales Analyst,Chennai,06-02-2025,1.5,41500,3,100,No,8,3,38,No,No,
EMP1120,Arun MeNon,Male,45,Operations,Operations Executive,Bengaluru,29-09-2024,1.8,47500,3,92.6,Yes,39,5,47,No,No,
EMP1121,Shalini Sharma,Male,43,Marketing,Marketing Analyst,Madurai,20-12-2024,1.6,48500,2,95,Yes,43,5,39,No,No,
EMP1122,Meena Singh,Male,55,HR,HR Manager,Chennai,18-01-2019,7.5,58500,3,97.4,Yes,36,2,41,No,No,
EMP1123,Anjali Singh,Male,55,Operations,Operations Analyst,Pune,13-05-2020,6.2,61000,2,92.3,No,13,5,37,No,No,
EMP1124,Gokul Verma,Male,29,Sales,Sales Analyst,Hyderabad,09-06-2018,8.1,66000,3,100,No,12,3,43,No,No,
EMP1125,Hari Verma,Male,21,Finance,Finance Executive,Chennai,18-07-2025,1,54500,4,86.8,Yes,29,3,49,No,No,
EMP1126,Prakash Kumar,Male,30,IT,Software Analyst,Pune,02-09-2024,1.9,72000,4,88.7,No,29,4,45,No,Yes,15-07-2026
EMP1127,Nisha Gupta,Male,51,IT,Data Analyst,Madurai,24-09-2017,8.9,90000,3,86.8,No,20,2,42,No,Yes,13-01-2021
EMP1128,Kavya MeNon,Male,49,Marketing,Marketing Executive,Madurai,21-06-2018,8.1,68000,3,100,Yes,47,4,45,No,No,
EMP1129,Ajay Kumar,Female,24,Marketing,Marketing Manager,Hyderabad,09-07-2021,5.1,57000,3,96.4,No,22,2,45,No,No,
EMP1130,Dinesh Patel,Female,26,Customer Service,Customer Service Manager,Madurai,26-02-2020,6.4,60000,3,89,No,0,4,44,No,No,
EMP1131,Aishwarya Verma,Male,40,Customer Service,Customer Service Manager,Madurai,07-08-2020,6,59000,4,87.2,No,25,5,45,No,No,
EMP1132,Divya Patel,Female,44,IT,Software Analyst,Bengaluru,06-09-2019,6.9,98000,3,99.6,No,35,4,39,No,No,
EMP1133,Nisha Krishnan,Male,55,HR,Recruiter,Chennai,27-09-2022,3.8,45500,4,94,No,33,3,45,Yes,No,
EMP1134,Nisha Das,Male,47,Marketing,Digital Marketing Executive,Madurai,24-12-2024,1.6,53500,4,99.8,Yes,33,4,35,No,No,
EMP1135,Lavanya Das,Female,28,Customer Service,Customer Service Manager,Madurai,04-03-2025,1.4,42500,3,91.7,No,50,2,47,No,No,
EMP1136,Rahul Reddy,Female,22,Sales,Sales Executive,Bengaluru,20-07-2020,6,62000,5,94.8,No,11,3,38,No,No,
EMP1137,Gokul Reddy,Female,43,Finance,Finance Executive,Chennai,12-04-2024,2.3,54500,3,93.7,Yes,22,3,50,No,No,
EMP1138,Harini Verma,Male,40,Finance,Financial Analyst,Chennai,11-12-2022,3.6,71000,3,88.6,Yes,51,4,35,Yes,No,
EMP1139,Anjali Singh,Female,53,HR,Recruiter,Bengaluru,20-12-2017,8.6,62500,3,91.2,No,0,4,52,No,No,
EMP1140,Sneha Rajan,Male,41,Marketing,Marketing Manager,Chennai,10-12-2023,2.6,53500,3,85.5,No,27,4,36,Yes,No,
EMP1141,Nisha Singh,Male,38,Finance,Financial Analyst,Madurai,04-07-2019,7.1,67500,4,94.7,No,46,3,38,Yes,No,
EMP1142,Ravi Krishnan,Male,31,Operations,Operations Executive,Bengaluru,12-04-2022,4.3,58000,3,96.2,Yes,46,3,45,No,No,
EMP1143,Karthik Reddy,Female,24,Operations,Process Associate,Bengaluru,17-03-2023,3.4,48000,3,97.4,No,38,5,47,No,Yes,20-05-2025
EMP1144,Gokul Krishnan,Male,51,Operations,Operations Executive,Chennai,09-06-2025,1.1,49000,3,95.7,Yes,38,3,43,Yes,No,
EMP1145,Vijay Iyer,Female,49,Finance,Finance Executive,Hyderabad,26-06-2025,1.1,54000,3,91.3,No,12,4,48,No,No,
EMP1146,Lavanya Das,Female,26,Sales,Sales Manager,Bengaluru,10-01-2024,2.6,50500,2,100,Yes,49,3,40,Yes,Yes,05-05-2025
EMP1147,Gokul Gupta,Female,45,Marketing,Marketing Analyst,Madurai,22-01-2021,5.5,60000,3,96.9,No,10,4,42,No,No,
EMP1148,Kavya Reddy,Female,33,Operations,Process Associate,Bengaluru,01-01-2020,6.6,61000,4,99.6,No,11,3,42,Yes,No,
EMP1149,Nisha MeNon,Female,36,IT,IT Manager,Bengaluru,30-05-2020,6.2,77000,4,100,No,34,4,41,Yes,No,
EMP1150,Keerthi Krishnan,Male,50,Operations,Operations Analyst,Coimbatore,05-07-2025,1.1,40500,5,91.3,No,21,5,35,No,Yes,28-07-2026
EMP1151,Shalini Balan,Male,50,Sales,Sales Executive,Coimbatore,18-01-2018,8.5,67500,4,94.1,No,31,4,44,No,No,
EMP1152,Divya Patel,Female,27,Operations,Operations Executive,Bengaluru,31-03-2021,5.3,54000,4,96.3,No,34,4,43,No,No,
EMP1153,Pooja MeNon,Male,31,HR,HR Executive,Pune,18-10-2022,3.8,46000,5,85.7,No,55,3,49,No,No,
EMP1154,Shalini Singh,Male,49,Sales,Business Development Executive,Coimbatore,23-03-2016,10.4,67500,3,85.8,No,35,5,38,No,No,
EMP1155,Prakash Patel,Male,53,IT,IT Support Executive,Hyderabad,08-05-2022,4.2,68000,4,84.9,No,19,2,41,No,No,
EMP1156,Karthik Reddy,Male,23,HR,Recruiter,Bengaluru,07-08-2018,8,60500,3,91.4,No,38,4,50,No,No,
EMP1157,Karthik Singh,Male,50,HR,HR Executive,Hyderabad,22-10-2018,7.8,52500,5,90.2,No,16,4,45,No,No,
EMP1158,Anjali Kumar,Male,38,HR,HR Manager,Pune,21-03-2022,4.4,51500,3,84.1,No,42,3,47,No,No,
EMP1159,Keerthi Balan,Female,41,Finance,Finance Executive,Chennai,02-02-2016,10.5,82500,3,92.8,No,29,4,46,No,No,
EMP1160,Divya Das,Male,23,Operations,Process Associate,Chennai,26-07-2017,9,62000,4,91.5,Yes,34,3,46,Yes,Yes,13-10-2022
EMP1161,Swathi Rajan,Female,44,HR,HR Analyst,Coimbatore,20-07-2020,6,57000,3,98.5,No,1,4,53,No,No,
EMP1162,Hari Iyer,Female,44,Marketing,Digital Marketing Executive,Madurai,03-11-2021,4.7,64000,4,100,No,0,4,44,No,No,
EMP1163,Prakash MeNon,Male,44,Operations,Operations Manager,Coimbatore,02-02-2017,9.5,72500,4,94.5,No,5,5,39,No,No,
EMP1164,Divya Reddy,Female,48,Sales,Sales Analyst,Hyderabad,13-08-2019,7,66000,3,88.2,No,54,4,47,No,No,
EMP1165,Divya Krishnan,Female,54,Sales,Sales Manager,Pune,28-01-2019,7.5,50000,4,95.6,Yes,11,4,41,No,No,
EMP1166,Suresh Reddy,Female,50,Operations,Operations Analyst,Madurai,06-05-2021,5.2,65500,2,92.1,No,39,4,43,No,No,
EMP1167,Sanjay Gupta,Male,47,Operations,Process Associate,Bengaluru,03-01-2019,7.6,63000,4,90.7,No,18,5,46,No,No,
EMP1168,Swathi Sharma,Male,55,IT,IT Support Executive,Chennai,07-01-2016,10.6,94500,3,87.3,Yes,24,2,40,Yes,No,
EMP1169,Anjali MeNon,Male,44,Operations,Operations Manager,Coimbatore,20-04-2021,5.3,54500,5,92.03869863,No,27,3,41,No,No,
EMP1170,Priya Patel,Female,44,HR,Recruiter,Chennai,26-06-2024,2.1,37500,4,91,Yes,53,1,46,Yes,No,
EMP1171,Meena Nair,Female,39,Finance,Accountant,Coimbatore,06-11-2021,4.7,62500,3,96.4,No,37,4,41,Yes,No,
EMP1172,Vignesh Pillai,Female,47,Marketing,Marketing Manager,Coimbatore,15-08-2019,7,63000,2,94.8,No,34,4,49,No,No,
EMP1173,Gokul Gupta,Female,23,Sales,Sales Executive,Bengaluru,28-10-2020,5.8,61000,5,100,No,47,2,39,Yes,No,
EMP1174,Gokul Rajan,Female,38,Marketing,Digital Marketing Executive,Bengaluru,26-05-2017,9.2,75500,3,95.7,Yes,19,5,39,No,No,
EMP1175,Nisha Kumar,Female,35,IT,Software Analyst,Madurai,14-05-2018,8.2,92000,3,94.3,Yes,44,3,54,No,Yes,29-03-2022
EMP1176,Aishwarya Verma,Male,52,Marketing,Marketing Analyst,Chennai,18-05-2020,6.2,61000,4,90.3,Yes,42,3,36,No,No,
EMP1177,Arun Rajan,Female,23,Finance,Finance Executive,Chennai,12-03-2021,4.7,64500,4,86.3,No,41,4,44,Yes,Yes,03-11-2023
EMP1178,Sneha Verma,Male,43,Finance,Accountant,Pune,11-11-2020,5.7,63500,4,88.9,No,26,5,53,No,No,
EMP1179,Aishwarya Nair,Male,27,Sales,Business Development Executive,Pune,18-08-2025,1,46000,3,88.2,No,21,3,44,No,No,
EMP1180,Priya Singh,Male,51,Sales,Sales Manager,Madurai,17-05-2022,4.2,58500,4,77.9,No,15,4,51,No,No,
EMP1181,Pooja Kumar,Female,50,Marketing,Marketing Analyst,Chennai,24-03-2016,10.4,78500,4,86.5,Yes,16,4,47,No,No,
EMP1182,MaNoj Das,Male,29,HR,HR Analyst,Madurai,31-03-2021,5.3,60500,4,100,Yes,14,4,44,No,No,
EMP1183,Harini Rajan,Male,51,HR,Recruiter,Bengaluru,29-10-2021,4.8,51500,4,94,No,34,4,43,No,No,
EMP1184,Sneha Singh,Male,38,Sales,Business Development Executive,Madurai,07-06-2016,10.1,62000,4,89.9,No,25,4,35,No,No,
EMP1185,Meena Verma,Male,54,Sales,Sales Analyst,Chennai,07-11-2019,6.7,60000,4,94.2,Yes,34,3,42,No,No,
EMP1186,Aishwarya Iyer,Male,46,Operations,Operations Manager,Madurai,18-09-2024,1.9,45500,3,81.3,No,35,5,45,No,No,
EMP1187,Ravi MeNon,Female,22,Finance,Finance Executive,Chennai,27-07-2019,7,67500,3,93.6,No,12,3,45,No,No,
EMP1188,Gokul Iyer,Female,28,Customer Service,Customer Service Executive,Madurai,25-07-2020,6,44000,4,99,Yes,12,3,56,No,No,
EMP1189,Suresh MeNon,Male,35,HR,HR Manager,Chennai,18-03-2018,8.4,63500,2,91.3,Yes,25,5,45,No,No,
EMP1190,Shalini Nair,Male,28,Marketing,Digital Marketing Executive,Bengaluru,08-10-2016,9.8,67500,2,82.3,No,16,3,47,No,No,
EMP1191,MaNoj Krishnan,Male,25,Finance,Financial Analyst,Coimbatore,08-03-2019,7.4,69500,4,89.7,Yes,15,4,50,No,No,
EMP1192,Ajay Balan,Male,55,Finance,Finance Executive,Chennai,24-09-2023,2.9,63000,5,99,No,53,3,47,No,Yes,14-03-2026
EMP1193,Swathi Verma,Female,51,Operations,Operations Manager,Coimbatore,31-10-2025,0.8,41500,2,93.4,No,5,5,44,No,No,
EMP1194,Hari Verma,Female,36,Customer Service,Customer Service Manager,Coimbatore,08-08-2022,4,45500,4,84.2,No,58,5,44,No,No,
EMP1195,Shalini Iyer,Female,28,Operations,Operations Executive,Hyderabad,23-04-2024,2.3,54500,3,100,No,32,3,42,No,No,
EMP1196,Gokul Sharma,Male,27,Sales,Sales Analyst,Pune,30-06-2022,4.1,58000,3,85.1,Yes,43,4,46,Yes,Yes,30-01-2024
EMP1197,Suresh Kumar,Female,53,Sales,Sales Executive,Chennai,03-08-2022,4,57000,4,90.7,No,41,3,43,No,Yes,10-10-2024
EMP1198,Divya Krishnan,Male,32,Marketing,Digital Marketing Executive,Hyderabad,08-04-2020,6.3,64500,2,86.3,Yes,37,3,47,Yes,No,
EMP1199,Divya Rajan,Male,21,Sales,Sales Manager,Bengaluru,11-08-2016,10,72500,2,86.3,No,53,4,39,No,No,
EMP1200,Ajay Gupta,Female,34,Marketing,Marketing Analyst,Bengaluru,08-02-2020,6.5,69000,3,89.5,No,12,3,45,No,No,
EMP1201,Prakash Pillai,Female,36,IT,IT Manager,Madurai,25-08-2024,1.9,69000,3,95.5,No,26,2,52,No,No,
EMP1202,Priya Rajan,Female,42,IT,IT Support Executive,Madurai,13-05-2021,5.2,61000,2,99.1,No,15,4,43,No,No,
EMP1203,Nisha Nair,Female,32,Operations,Operations Analyst,Chennai,15-08-2023,3,49500,4,89.9,No,3,3,53,Yes,No,
EMP1204,Rahul Reddy,Female,53,Marketing,Marketing Executive,Pune,03-07-2016,10.1,75500,3,86.4,No,18,4,45,Yes,No,
EMP1205,MaNoj Singh,Female,43,HR,HR Analyst,Coimbatore,05-01-2018,8.6,61500,3,94.6,No,56,3,44,No,No,
EMP1206,Arun Singh,Male,55,HR,HR Manager,Madurai,28-12-2018,7.6,69000,4,94.8,Yes,25,3,45,No,No,
EMP1207,Kavya Iyer,Male,33,IT,Data Analyst,Coimbatore,05-08-2019,7,92500,3,93.3,Yes,58,4,42,No,No,
EMP1208,Aishwarya Verma,Male,43,IT,IT Manager,Chennai,17-11-2025,0.7,64000,4,93.5,No,59,4,35,No,No,
EMP1209,Lavanya Krishnan,Male,33,Sales,Sales Manager,Chennai,14-08-2020,6,63500,3,91.4,No,73,5,48,No,No,
EMP1210,Sanjay Rajan,Male,45,Finance,Finance Executive,Bengaluru,15-08-2022,4,59500,2,92.5,Yes,57,4,55,No,Yes,08-06-2025
EMP1211,Nisha Kumar,Male,47,Marketing,Marketing Analyst,Coimbatore,12-06-2022,4.1,57500,3,91,Yes,63,3,46,No,No,
EMP1212,Dinesh Balan,Female,32,Operations,Operations Manager,Hyderabad,10-03-2020,6.4,64500,4,97.9,No,33,4,47,No,No,
EMP1213,Sanjay Kumar,Female,53,IT,Software Analyst,Bengaluru,30-08-2025,0.9,67000,2,100,No,31,1,43,No,No,
EMP1214,Dinesh Verma,Female,51,Finance,Financial Analyst,Coimbatore,23-03-2018,8.4,76500,2,93,No,32,5,50,Yes,No,
EMP1215,Divya Reddy,Male,52,Sales,Sales Analyst,Hyderabad,06-05-2016,10.2,73500,4,92,Yes,28,4,44,No,No,
EMP1216,Anjali Verma,Female,28,IT,IT Support Executive,Chennai,15-06-2023,3.1,64000,3,93.4,No,30,5,45,No,No,
EMP1217,Dinesh Balan,Male,46,Sales,Sales Manager,Bengaluru,16-07-2022,4,60000,2,88.4,No,39,3,36,No,No,
EMP1218,Swathi Verma,Male,24,IT,Data Analyst,Bengaluru,08-08-2018,8,88000,4,96.2,No,21,2,41,No,No,
EMP1219,Suresh Balan,Male,24,Marketing,Marketing Analyst,Chennai,05-09-2024,1.9,43500,3,94.4,No,7,4,46,No,No,
EMP1220,Ajay Das,Male,55,HR,Recruiter,Chennai,16-08-2017,9,67000,4,89.7,No,33,4,49,No,No,
EMP1221,Sanjay Rajan,Male,26,HR,Recruiter,Chennai,05-07-2018,8.1,65000,3,97,No,18,4,49,No,No,
EMP1222,Gokul Krishnan,Female,51,Sales,Sales Executive,Chennai,18-07-2017,9,65500,4,92.1,Yes,19,4,36,No,No,
EMP1223,Ajay Das,Female,36,Operations,Operations Analyst,Coimbatore,11-11-2017,8.7,68500,3,86.7,Yes,26,3,37,No,No,
EMP1224,Keerthi Singh,Female,31,IT,IT Support Executive,Chennai,17-04-2023,3.3,67500,1,93.9,Yes,22,2,47,No,Yes,15-07-2024
EMP1225,Keerthi Das,Male,23,Sales,Business Development Executive,Bengaluru,13-01-2023,3.5,50500,2,93.3,No,45,4,40,No,No,
EMP1226,Aishwarya Iyer,Female,44,Operations,Operations Analyst,Chennai,06-06-2022,4.2,51500,3,97.3,No,25,2,48,No,No,
EMP1227,Arun Singh,Female,46,Finance,Finance Manager,Chennai,10-08-2024,2,56000,4,96.6,Yes,45,2,36,Yes,No,
EMP1228,Prakash Sharma,Male,37,IT,IT Support Executive,Madurai,12-09-2016,9.9,85500,2,91.4,No,31,3,44,No,No,
EMP1229,Shalini Singh,Female,49,Customer Service,Customer Support Analyst,Chennai,16-03-2022,4.4,41000,3,89.4,Yes,27,4,44,No,No,
EMP1230,Vijay Reddy,Male,32,HR,Recruiter,Pune,24-02-2017,9.4,63500,2,92,No,30,5,46,No,No,
EMP1231,Prakash Gupta,Male,40,Sales,Business Development Executive,Madurai,23-07-2025,1,46500,4,94,No,9,4,39,No,Yes,11-01-2026
EMP1232,Hari Reddy,Male,31,IT,Software Analyst,Chennai,04-05-2022,4.2,84000,3,94.7,Yes,33,5,35,No,No,
EMP1233,Prakash Verma,Male,41,Sales,Sales Executive,Chennai,08-08-2023,3,51000,4,93.7,No,41,4,45,No,No,
EMP1234,Aishwarya Pillai,Male,25,Marketing,Marketing Analyst,Madurai,17-09-2021,4.9,56500,4,91.5,No,43,4,47,No,No,
EMP1235,Prakash Kumar,Male,37,Sales,Sales Executive,Coimbatore,02-11-2019,6.7,66000,4,97.5,No,8,5,49,No,No,
EMP1236,Arun Das,Male,40,HR,HR Manager,Hyderabad,10-11-2022,3.7,49000,4,88.3,No,5,2,42,No,No,
EMP1237,Vignesh Nair,Female,40,Sales,Business Development Executive,Madurai,10-05-2024,2.2,49500,3,100,No,20,3,48,No,No,
EMP1238,Vignesh Gupta,Male,36,Finance,Finance Executive,Bengaluru,12-10-2017,8.8,65500,5,96.2,No,49,3,46,No,No,
EMP1239,Karthik Reddy,Male,43,Sales,Business Development Executive,Coimbatore,19-09-2024,1.9,47000,2,85.8,No,31,4,51,No,No,
EMP1240,Vijay Sharma,Male,38,HR,HR Executive,Hyderabad,08-04-2023,3.3,53000,3,93,Yes,16,2,44,No,No,
EMP1241,Sanjay Iyer,Female,30,Operations,Operations Manager,Coimbatore,09-11-2016,9.7,70500,4,96.2,Yes,6,4,35,No,No,
EMP1242,Dinesh Krishnan,Female,28,Sales,Sales Analyst,Chennai,12-05-2025,1.2,49000,4,90.1,No,18,4,44,Yes,Yes,31-07-2026
EMP1243,Ajay Sharma,Female,43,Finance,Accountant,Bengaluru,20-10-2017,8.8,75500,4,83.8,No,17,4,44,No,No,
EMP1244,Rahul Patel,Male,53,HR,HR Analyst,Hyderabad,04-01-2022,4.6,63500,4,86.3,No,42,4,47,No,No,
EMP1245,Priya Verma,Male,47,Finance,Finance Executive,Madurai,18-04-2017,9.3,71000,2,95,No,43,5,36,No,No,
EMP1246,Karthik Kumar,Female,43,Sales,Sales Manager,Pune,17-12-2017,8.6,58000,5,82.3,No,12,3,42,No,No,
EMP1247,Karthik Krishnan,Male,53,IT,Software Analyst,Hyderabad,06-06-2022,4.2,77500,3,84,Yes,39,4,48,No,No,
EMP1248,Pooja Krishnan,Female,52,Sales,Sales Manager,Chennai,18-10-2022,3.8,49500,5,95,No,38,3,43,No,No,
EMP1249,Ravi Nair,Female,38,Operations,Process Associate,Hyderabad,14-11-2022,3.7,45500,2,90.8,No,10,2,42,No,No,
EMP1250,Sanjay Sharma,Male,24,Customer Service,Customer Service Executive,Coimbatore,07-06-2019,7.2,50500,4,88.2,No,27,5,54,No,No,
EMP1251,Nisha Sharma,Female,43,HR,HR Manager,Coimbatore,15-03-2024,2.4,54000,3,89.3,Yes,33,3,39,No,No,
EMP1252,Ajay Pillai,Female,42,HR,Recruiter,Coimbatore,29-06-2016,10.1,73000,4,83.9,Yes,30,4,50,No,No,
EMP1253,Shalini Krishnan,Male,30,HR,HR Analyst,Hyderabad,17-07-2024,2,49500,4,94.7,No,2,4,49,Yes,No,
EMP1254,Keerthi Patel,Male,50,IT,IT Support Executive,Coimbatore,09-01-2019,7.6,85000,4,87.6,No,30,5,43,No,No,
EMP1255,Deepa Gupta,Male,51,HR,Recruiter,Coimbatore,17-03-2022,4.4,49500,2,89.1,No,38,2,44,No,No,
EMP1256,Dinesh Sharma,Female,32,Operations,Process Associate,Chennai,21-01-2025,1.5,37000,3,93.9,Yes,52,4,44,No,No,
EMP1257,Sanjay Sharma,Male,37,Marketing,Marketing Executive,Madurai,22-07-2018,8,71500,3,90.6,No,18,3,45,Yes,No,
EMP1258,Meena Rajan,Male,27,Operations,Operations Executive,Pune,10-02-2020,6.5,52500,4,88.1,No,20,3,41,Yes,No,
EMP1259,Priya Balan,Female,27,IT,IT Support Executive,Bengaluru,13-04-2024,2.3,58500,4,81.1,No,25,3,42,No,No,
EMP1260,Keerthi Singh,Male,30,Customer Service,Customer Support Analyst,Chennai,24-08-2024,1.9,42500,4,94,No,32,4,42,Yes,No,
EMP1261,Nisha MeNon,Male,33,HR,HR Executive,Hyderabad,09-05-2018,8.2,63000,2,92.4,No,29.60805861,4,42,No,No,
EMP1262,Swathi Iyer,Female,30,Finance,Accountant,Hyderabad,01-02-2021,5.5,63500,4,89.2,No,37,3,42,No,No,
EMP1263,MaNoj Balan,Male,26,Sales,Sales Manager,Coimbatore,02-05-2019,7.2,56500,5,86.3,No,11,2,35,Yes,No,
EMP1264,Dinesh Gupta,Male,36,Customer Service,Customer Service Executive,Chennai,03-03-2021,5.4,45500,5,92.1,No,34,2,44,Yes,No,
EMP1265,Swathi Singh,Male,42,IT,IT Manager,Coimbatore,17-10-2019,6.8,84000,1,94.6,Yes,17,4,41,No,No,
EMP1266,Mohan Iyer,Male,32,Operations,Operations Analyst,Chennai,20-01-2016,10.5,71500,4,92.5,No,26,2,35,No,No,
EMP1267,Hari MeNon,Male,39,Sales,Sales Executive,Madurai,31-03-2025,1.3,42500,4,100,No,54,3,42,No,No,
EMP1268,Suresh Iyer,Female,30,Customer Service,Customer Service Executive,Bengaluru,16-05-2022,4.2,37000,3,95.9,No,7,5,42,Yes,No,
EMP1269,Rahul Rajan,Female,45,IT,IT Manager,Pune,13-08-2020,6,74000,3,91.4,No,24,4,50,No,No,
EMP1270,Rahul MeNon,Male,43,IT,Software Analyst,Madurai,28-01-2017,9.5,98000,3,96.1,No,9,4,41,No,No,
EMP1271,Divya Reddy,Female,54,Customer Service,Customer Support Analyst,Hyderabad,17-09-2016,9.9,62500,4,92.3,Yes,30,2,47,No,No,
EMP1272,Divya Balan,Female,22,Finance,Finance Executive,Pune,14-10-2020,5.8,61500,2,92.2,Yes,44,2,51,Yes,Yes,15-07-2024
EMP1273,Sanjay Nair,Female,50,Finance,Finance Executive,Chennai,29-06-2022,4.1,50500,5,99.1,Yes,31,4,41,No,Yes,23-09-2024
EMP1274,Mohan Iyer,Female,32,IT,Data Analyst,Chennai,08-08-2018,8,97000,3,87.1,Yes,26,3,44,No,No,
EMP1275,Keerthi MeNon,Female,23,HR,HR Executive,Bengaluru,12-06-2023,3.1,46000,3,92.1,Yes,48,5,53,Yes,No,
EMP1276,Kavya Krishnan,Female,45,Sales,Sales Manager,Bengaluru,04-12-2019,6.7,63500,4,98.5,No,33,4,45,No,No,
EMP1277,Vignesh Singh,Male,27,Sales,Sales Analyst,Madurai,10-02-2016,10.5,67000,2,93.7,Yes,40,5,46,No,No,
EMP1278,Suresh Singh,Male,27,HR,HR Executive,Bengaluru,15-05-2021,5.2,51000,3,90,No,39,3,42,Yes,No,
EMP1279,Pooja Sharma,Male,55,Operations,Operations Executive,Coimbatore,23-10-2017,8.8,67500,3,82.6,No,0,4,47,No,Yes,03-11-2025
EMP1280,Vignesh Reddy,Male,28,IT,IT Support Executive,Bengaluru,22-02-2016,10.4,93500,5,79.5,Yes,27,3,44,No,No,
EMP1281,Vignesh Pillai,Female,40,Finance,Financial Analyst,Bengaluru,20-04-2017,9.3,83500,3,100,No,12,5,35,Yes,No,
EMP1282,Priya Sharma,Male,28,Finance,Accountant,Chennai,05-11-2018,7.7,70500,2,93.7,No,16,4,42,Yes,No,
EMP1283,Sneha Das,Male,25,Finance,Financial Analyst,Chennai,23-02-2021,5.4,71500,3,88.8,No,50,3,38,No,No,
EMP1284,Ravi Kumar,Male,21,IT,IT Manager,Chennai,24-11-2025,0.7,56000,4,93.9,No,22,3,45,No,No,
EMP1285,Dinesh Nair,Male,21,Customer Service,Team Leader,Pune,08-03-2018,8.4,62500,4,86.8,No,56,5,39,No,No,
EMP1286,Shalini Balan,Female,37,Customer Service,Customer Service Manager,Pune,28-07-2016,10,49500,5,90.2,Yes,7,5,46,No,No,
EMP1287,Shalini Das,Female,36,Finance,Financial Analyst,Hyderabad,29-11-2017,8.7,86500,5,86.8,No,12,2,44,No,No,
EMP1288,Sanjay Sharma,Male,22,Sales,Sales Analyst,Chennai,12-03-2019,7.4,69000,4,84.2,Yes,39,3,38,Yes,No,
EMP1289,Mohan Singh,Male,33,Finance,Accountant,Coimbatore,19-01-2018,8.5,74000,3,80.4,No,23,5,42,No,Yes,25-06-2021
EMP1290,Arun Sharma,Male,30,IT,IT Support Executive,Chennai,20-03-2019,7.4,75500,5,83.2,Yes,33,3,47,No,Yes,21-01-2023
EMP1291,Meena Patel,Male,40,Finance,Finance Manager,Madurai,09-09-2025,0.9,45500,3,97.6,No,26,4,50,No,No,
EMP1292,Vijay Balan,Female,55,Marketing,Marketing Executive,Chennai,17-10-2019,6.8,62500,3,86.6,No,26,5,39,No,No,
EMP1293,Kavya Iyer,Female,45,IT,IT Manager,Hyderabad,07-05-2022,4.2,81000,3,94.9,Yes,23,2,39,No,No,
EMP1294,Sanjay Singh,Male,53,Sales,Sales Manager,Chennai,06-11-2022,3.7,53000,2,97.3,Yes,31,3,54,Yes,Yes,31-03-2026
EMP1295,Aishwarya Reddy,Male,27,Finance,Finance Manager,Bengaluru,20-04-2017,9.3,71500,3,92.1,Yes,38,3,44,Yes,Yes,03-02-2025
EMP1296,Mohan Gupta,Female,28,Finance,Financial Analyst,Pune,24-06-2018,8.1,69000,3,90.4,No,52,5,44,No,No,
EMP1297,Rahul Sharma,Female,47,HR,HR Manager,Bengaluru,27-02-2020,6.4,65000,4,92.7,No,25,5,40,No,No,
EMP1298,Deepa Das,Male,31,Sales,Sales Analyst,Chennai,08-08-2020,6,58500,3,89.7,Yes,22,4,45,Yes,Yes,16-05-2024
EMP1299,Anjali Kumar,Male,50,Marketing,Marketing Analyst,Pune,18-02-2016,10.5,65500,2,98.6,No,20,3,53,No,No,
EMP1300,Vignesh Sharma,Male,37,Finance,Financial Analyst,Bengaluru,13-06-2022,4.1,62500,2,100,Yes,50,5,45,No,No,
EMP1301,Kavya Iyer,Female,28,Sales,Business Development Executive,Madurai,03-01-2019,7.6,59000,4,100,No,38,3,49,No,No,
EMP1302,Nisha Krishnan,Male,50,IT,IT Manager,Bengaluru,23-03-2019,7.4,80500,4,80.2,No,0,4,44,No,No,
EMP1303,Swathi Kumar,Male,40,Marketing,Marketing Executive,Hyderabad,11-01-2022,4.6,59000,3,89.6,No,0,4,39,No,No,
EMP1304,Rahul Pillai,Female,49,Sales,Sales Analyst,Madurai,27-06-2025,1.1,43500,3,92,No,16,5,41,No,No,
EMP1305,Anjali Singh,Female,36,Operations,Operations Manager,Coimbatore,25-08-2024,1.9,52500,4,94.5,Yes,31,3,38,No,No,
EMP1306,Aishwarya Gupta,Male,25,Customer Service,Team Leader,Madurai,18-10-2025,0.8,48000,5,82.5,Yes,27,3,45,No,No,
EMP1307,Suresh Iyer,Male,44,IT,Software Analyst,Chennai,19-02-2020,6.4,92500,3,82.4,No,36,5,50,No,No,
EMP1308,Kavya Patel,Male,25,Marketing,Marketing Analyst,Hyderabad,13-03-2017,9.4,69000,4,99.2,Yes,25,5,45,Yes,No,
EMP1309,Deepa Krishnan,Female,44,HR,HR Analyst,Chennai,27-02-2018,8.4,77500,4,88.9,Yes,49,3,42,No,No,
EMP1310,Anjali Patel,Male,35,Customer Service,Customer Support Analyst,Madurai,09-06-2019,7.1,51000,3,83.8,Yes,40,2,40,No,Yes,30-06-2026
EMP1311,Deepa Reddy,Female,48,Finance,Finance Manager,Madurai,01-01-2019,7.6,65500,3,85.9,No,29,5,46,Yes,Yes,30-06-2024
EMP1312,Dinesh Gupta,Female,51,Customer Service,Customer Service Executive,Chennai,29-01-2018,8.5,49000,3,94.1,No,45,2,38,No,No,
EMP1313,Keerthi MeNon,Male,35,IT,IT Support Executive,Madurai,05-07-2017,9.1,78500,2,87.5,No,3,2,38,No,No,
EMP1314,MaNoj Gupta,Female,51,HR,HR Manager,Coimbatore,13-11-2017,8.7,57000,4,93.3,No,27,3,49,No,No,
EMP1315,Arun Sharma,Male,24,HR,HR Manager,Madurai,01-08-2022,4,53500,3,86.6,Yes,30,4,43,No,No,
EMP1316,Sanjay MeNon,Male,24,Marketing,Marketing Manager,Chennai,28-11-2020,5.7,52000,4,82.4,No,37,2,43,Yes,No,
EMP1317,Suresh MeNon,Female,55,IT,Software Analyst,Hyderabad,17-05-2016,10.2,98500,2,99.8,No,2,4,43,Yes,No,
EMP1318,Divya MeNon,Male,41,HR,HR Executive,Pune,21-08-2021,4.9,48500,3,94.2,Yes,24,4,48,No,No,
EMP1319,Ravi Das,Male,36,Marketing,Marketing Manager,Madurai,04-06-2024,2.2,50000,5,90.2,No,34,3,45,Yes,No,
EMP1320,Ravi Krishnan,Male,26,Operations,Operations Manager,Madurai,03-04-2020,6.3,63000,5,89.1,No,35,5,40,No,No,
EMP1321,Divya Gupta,Male,31,IT,IT Support Executive,Chennai,09-03-2019,7.4,85500,5,100,No,46,4,40,No,No,
EMP1322,MaNoj Iyer,Male,45,Finance,Accountant,Chennai,22-09-2018,7.9,65500,2,95.3,No,39,5,43,No,Yes,13-04-2025
EMP1323,Vignesh Sharma,Female,49,HR,Recruiter,Madurai,18-10-2019,6.8,57000,4,98.3,No,27,2,46,No,No,
EMP1324,Dinesh Sharma,Female,53,Operations,Operations Executive,Pune,14-10-2018,7.8,61000,3,88.8,No,38,2,44,No,No,
EMP1325,Gokul Rajan,Female,35,Sales,Sales Analyst,Bengaluru,30-03-2025,1.3,42500,4,92.3,No,25,4,43,Yes,No,
EMP1326,Anjali MeNon,Female,36,Operations,Operations Manager,Madurai,03-12-2025,0.7,42500,3,94.2,No,30,5,44,No,No,
EMP1327,Gokul Singh,Male,26,Finance,Financial Analyst,Pune,08-06-2019,7.1,78000,2,89,No,40,2,44,No,No,
EMP1328,Anjali Patel,Female,23,IT,Software Analyst,Madurai,28-03-2025,1.3,72500,3,91.5,No,27,4,40,Yes,No,
EMP1329,Lavanya Verma,Male,36,Sales,Sales Executive,Chennai,15-07-2024,2,58500,4,88.8,Yes,33,2,50,Yes,No,
EMP1330,Divya Verma,Male,41,Sales,Sales Executive,Madurai,04-10-2016,9.8,70500,4,94.2,No,42,3,42,No,No,
EMP1331,Shalini Das,Female,24,Operations,Process Associate,Chennai,28-11-2020,5.7,51000,4,84.7,No,39,3,45,Yes,No,
EMP1332,Anjali Singh,Male,35,IT,IT Support Executive,Hyderabad,26-07-2022,4,64500,4,95.1,No,47,3,35,Yes,No,
EMP1333,Aishwarya Nair,Male,43,IT,IT Manager,Madurai,22-03-2020,6.4,75000,4,93.7,No,63,2,43,No,No,
EMP1334,Ravi Singh,Male,49,Customer Service,Customer Support Analyst,Bengaluru,26-07-2020,6,54000,4,90.9,No,39,2,39,No,No,
EMP1335,Rahul Singh,Male,53,Customer Service,Team Leader,Madurai,10-12-2020,5.6,52500,3,94.5,No,21,2,39,No,Yes,12-07-2026
EMP1336,Karthik Kumar,Male,32,Operations,Process Associate,Pune,21-11-2022,3.7,44000,4,90,No,36,4,56,Yes,No,
EMP1337,Nisha Balan,Male,34,Sales,Sales Analyst,Bengaluru,09-12-2018,7.6,60000,5,88.3,Yes,35,4,45,No,No,
EMP1338,Harini Singh,Female,51,IT,IT Support Executive,Coimbatore,20-12-2021,4.6,71000,4,95,No,37,4,50,No,No,
EMP1339,Mohan Iyer,Male,45,Operations,Operations Manager,Chennai,08-06-2018,8.1,70500,3,95.2,No,50,2,48,No,No,
EMP1340,Keerthi MeNon,Male,30,Finance,Finance Manager,Pune,22-11-2024,1.7,60500,4,89.2,Yes,3,4,49,No,No,
EMP1341,Meena Singh,Male,44,HR,HR Manager,Coimbatore,05-11-2016,9.7,69500,3,88.7,Yes,51,4,43,No,No,
EMP1342,Sanjay Nair,Female,26,Operations,Operations Manager,Chennai,01-09-2016,9.9,69500,3,91,No,56,3,52,Yes,No,
EMP1343,Hari Iyer,Male,36,IT,IT Support Executive,Hyderabad,17-05-2016,10.2,86000,4,89,No,37,3,48,No,No,
EMP1344,Dinesh Kumar,Male,31,IT,IT Manager,Chennai,01-07-2019,7.1,75500,3,100,No,37,3,44,No,No,
EMP1345,Kavya Reddy,Male,55,Customer Service,Team Leader,Madurai,23-01-2022,4.5,49000,3,93.7,Yes,24,4,45,No,No,
EMP1346,Prakash Patel,Female,22,IT,Data Analyst,Coimbatore,09-11-2025,0.7,78000,3,92.1,No,28,5,43,No,No,
EMP1347,Arun Kumar,Female,50,Finance,Finance Executive,Madurai,18-07-2020,6,61000,4,86.9,Yes,38,5,44,No,No,
EMP1348,Dinesh Gupta,Female,30,Finance,Finance Executive,Madurai,27-10-2017,8.8,72500,4,96.1,Yes,38,3,44,No,No,
EMP1349,Gokul Gupta,Female,22,Finance,Financial Analyst,Chennai,07-09-2019,6.9,74500,3,88.6,No,39,4,46,No,No,
EMP1350,Ravi Reddy,Male,44,HR,Recruiter,Chennai,10-04-2017,9.3,65000,2,88.4,No,37,2,53,No,No,
EMP1351,Gokul Gupta,Male,44,Operations,Operations Manager,Chennai,20-09-2020,5.9,63500,4,96.2,No,41,4,38,No,No,
EMP1352,Kavya Reddy,Male,25,Operations,Process Associate,Chennai,16-04-2023,3.3,53000,4,94.1,Yes,40,3,50,No,No,
EMP1353,Rahul Rajan,Male,22,Sales,Sales Manager,Pune,09-05-2016,10.2,70500,3,78.2,Yes,13,4,42,Yes,Yes,15-04-2023
EMP1354,Swathi Reddy,Male,24,Sales,Sales Executive,Coimbatore,10-10-2023,2.8,48500,4,91.1,No,40,5,50,No,No,
EMP1355,Pooja Nair,Male,35,Operations,Process Associate,Coimbatore,14-04-2018,8.3,62500,2,92.7,Yes,56,3,42,No,No,
EMP1356,Vijay Singh,Male,25,HR,Recruiter,Madurai,21-09-2022,3.9,47500,4,90.1,Yes,28,5,46,No,No,
EMP1357,Gokul Pillai,Female,45,IT,Data Analyst,Bengaluru,27-02-2024,2.4,80000,3,92.9,Yes,50,4,43,No,No,
EMP1358,Priya Patel,Male,23,Finance,Finance Manager,Chennai,10-06-2023,2.8,69000,1,82,Yes,14,3,35,No,No,
EMP1359,Swathi Iyer,Female,48,Marketing,Marketing Analyst,Chennai,13-09-2022,3.9,57000,4,76.4,No,28,3,53,Yes,No,
EMP1360,Ravi Sharma,Female,51,Sales,Sales Analyst,Bengaluru,09-12-2022,3.6,54500,3,86.6,Yes,18,5,39,No,Yes,08-05-2025
EMP1361,Kavya Verma,Male,46,Marketing,Marketing Manager,Madurai,16-11-2017,8.7,65500,3,93.6,No,49,4,44,No,No,
EMP1362,Lavanya Kumar,Male,54,Finance,Finance Manager,Bengaluru,10-05-2017,9.2,78500,3,74.3,No,53,3,39,No,No,
EMP1363,Keerthi Verma,Female,53,IT,IT Support Executive,Hyderabad,24-10-2019,6.8,77000,3,87.4,No,27,3,37,No,No,
EMP1364,Aishwarya Kumar,Female,22,HR,HR Analyst,Hyderabad,30-01-2022,4.5,57000,3,81.4,No,46,4,43,No,No,
EMP1365,Nisha Balan,Male,32,Finance,Finance Manager,Chennai,08-03-2022,4.4,62500,2,90.7,No,53,3,41,No,No,
EMP1366,Harini Nair,Male,47,IT,Software Analyst,Chennai,08-10-2023,2.8,83000,5,100,No,28,4,38,Yes,No,
EMP1367,Suresh Iyer,Female,32,Sales,Sales Manager,Chennai,31-01-2019,7.5,68000,3,90.8,Yes,30,5,44,No,No,
EMP1368,Gokul Rajan,Female,46,HR,Recruiter,Hyderabad,27-08-2024,1.9,46000,3,91.4,No,39,2,37,No,No,
EMP1369,Ravi Rajan,Male,48,Sales,Business Development Executive,Pune,28-06-2020,6.1,60500,2,96.6,Yes,15,4,45,No,No,
EMP1370,Vignesh Kumar,Male,55,Finance,Accountant,Pune,18-06-2018,8.1,75000,4,92.1,No,30,3,43,Yes,No,
EMP1371,Swathi Rajan,Female,32,HR,HR Manager,Chennai,10-05-2023,3.2,46500,2,90.8,No,60,3,35,No,No,
EMP1372,Ajay Das,Male,33,Customer Service,Customer Service Executive,Hyderabad,10-04-2017,9.3,52500,4,97.1,Yes,20,4,41,Yes,No,
EMP1373,Sanjay Das,Female,21,Finance,Finance Manager,Coimbatore,20-01-2020,6.5,66500,3,94.6,Yes,41,2,46,No,Yes,25-02-2025
EMP1374,Ajay Nair,Male,30,Operations,Operations Executive,Hyderabad,24-10-2023,2.8,43500,3,93.6,Yes,36,1,39,No,No,
EMP1375,Prakash Krishnan,Male,30,Customer Service,Team Leader,Coimbatore,17-09-2023,2.9,57000,2,91.2,Yes,26,4,47,No,Yes,02-11-2024
EMP1376,Sanjay Balan,Male,36,HR,HR Executive,Chennai,26-07-2018,8,58500,3,90.1,No,31,3,46,Yes,No,
EMP1377,Vijay Pillai,Male,35,Marketing,Marketing Manager,Chennai,31-08-2017,8.9,67000,3,97,Yes,54,2,39,No,No,
EMP1378,Lavanya Singh,Female,50,Operations,Process Associate,Pune,26-04-2016,10.3,66500,4,90.1,No,36,2,44,No,No,
EMP1379,Vijay Patel,Male,48,IT,Software Analyst,Madurai,22-11-2016,9.7,96500,3,98.8,No,39,5,48,No,No,
EMP1380,Nisha Pillai,Female,46,Finance,Finance Manager,Madurai,02-04-2024,2.3,54500,3,86.2,Yes,52,4,40,No,No,
EMP1381,Suresh Pillai,Male,21,Finance,Accountant,Madurai,02-11-2023,2.7,56500,4,99.9,Yes,24,3,43,No,No,
EMP1382,Vijay Verma,Female,37,HR,Recruiter,Madurai,22-01-2021,5.5,54000,2,94.6,No,12,5,50,Yes,No,
EMP1383,Lavanya MeNon,Female,46,IT,Software Analyst,Pune,13-09-2021,4.9,82000,3,86.7,No,55,4,40,Yes,No,
EMP1384,Divya MeNon,Female,29,Customer Service,Customer Service Executive,Chennai,08-04-2019,7.3,47000,3,94.8,No,30,5,46,No,No,
EMP1385,Lavanya Verma,Male,35,Customer Service,Customer Service Executive,Chennai,02-12-2017,8.7,59000,3,88.4,Yes,41,2,39,Yes,Yes,14-05-2023
EMP1386,Kavya Reddy,Female,46,HR,Recruiter,Hyderabad,11-02-2016,10.5,57500,4,92.2,No,17,2,43,No,No,
EMP1387,Nisha Iyer,Male,48,Marketing,Digital Marketing Executive,Coimbatore,20-09-2022,3.9,56000,3,89.3,No,34,4,46,No,No,
EMP1388,Keerthi Pillai,Female,50,Sales,Business Development Executive,Chennai,09-05-2016,10.2,69500,2,91.3,No,12,4,35,No,No,
EMP1389,Suresh Gupta,Male,36,Operations,Operations Executive,Chennai,18-01-2017,9.5,70500,5,97.2,No,29,5,41,No,No,
EMP1390,Rahul Kumar,Male,34,HR,Recruiter,Chennai,05-12-2023,2.7,40500,4,94.9,No,18,2,46,No,No,
EMP1391,Lavanya Sharma,Male,34,Customer Service,Customer Service Executive,Chennai,30-10-2021,4.8,41500,2,85.8,No,15,4,45,No,No,
EMP1392,Ajay Verma,Female,44,Operations,Operations Analyst,Chennai,23-11-2020,5.7,58500,2,86.1,Yes,23,4,41,No,No,
EMP1393,Ravi Nair,Female,35,HR,HR Executive,Chennai,08-03-2018,8.4,68500,4,93.5,No,0,4,38,No,No,
EMP1394,Priya Krishnan,Male,35,HR,HR Executive,Bengaluru,30-06-2017,9.1,67000,3,93.9,Yes,11,3,47,Yes,No,
EMP1395,Meena Sharma,Female,26,Operations,Operations Manager,Hyderabad,31-08-2020,5.9,54000,5,88.3,No,40,4,42,No,No,
EMP1396,MaNoj Rajan,Female,37,Sales,Business Development Executive,Hyderabad,02-08-2019,7,61000,4,100,Yes,33,3,47,No,No,
EMP1397,Shalini Balan,Male,29,IT,IT Support Executive,Madurai,05-05-2021,5.2,73500,4,96.5,No,12,3,46,No,No,
EMP1398,Harini Pillai,Male,39,Customer Service,Customer Service Manager,Madurai,26-08-2017,8.9,52500,3,88.6,No,36,2,42,Yes,No,
EMP1399,Shalini Reddy,Female,52,IT,IT Support Executive,Pune,25-04-2018,8.3,77000,4,88,No,15,3,49,Yes,No,
EMP1400,Sneha Kumar,Female,48,Finance,Financial Analyst,Bengaluru,16-02-2017,9.5,80500,2,90.7,No,39,3,41,Yes,No,
EMP1401,Rahul Iyer,Male,37,Finance,Accountant,Coimbatore,30-03-2020,6.3,64500,5,90.2,Yes,26,3,50,No,No,
EMP1402,Gokul Iyer,Female,55,HR,HR Manager,Chennai,06-10-2018,7.8,74500,4,98.9,Yes,23,3,51,Yes,No,
EMP1403,Rahul Pillai,Male,55,Customer Service,Customer Service Executive,Madurai,27-03-2018,8.3,51000,3,97.4,No,27,2,49,No,Yes,27-11-2024
EMP1404,Kavya Singh,Female,36,Sales,Sales Executive,Coimbatore,30-06-2021,5.1,58500,4,92.2,Yes,66,5,43,No,No,
EMP1405,Meena Pillai,Female,47,Sales,Business Development Executive,Coimbatore,22-12-2020,5.6,56500,5,95.7,Yes,17,3,57,Yes,No,
EMP1406,Ravi Gupta,Female,32,Sales,Sales Executive,Chennai,06-02-2018,8.5,67500,3,96.5,No,31,4,45,No,No,
EMP1407,Harini Singh,Male,51,Customer Service,Customer Service Manager,Pune,28-12-2022,3.6,48500,4,92.3,No,40,2,45,No,Yes,17-02-2025
EMP1408,Deepa Kumar,Male,34,HR,HR Manager,Coimbatore,09-06-2019,7.1,58000,3,94.2,Yes,14,5,44,No,Yes,28-03-2025
EMP1409,Aishwarya Pillai,Male,30,Operations,Operations Manager,Coimbatore,01-06-2019,7.2,62500,4,95.3,No,4,4,38,No,No,
EMP1410,Sneha Kumar,Male,25,Marketing,Digital Marketing Executive,Chennai,11-10-2020,5.8,58000,2,94.7,No,19,3,50,No,No,
EMP1411,Priya Gupta,Female,50,Operations,Operations Executive,Bengaluru,22-05-2017,9.2,63000,3,87.7,No,39,3,41,No,No,
EMP1412,Anjali Singh,Male,31,Customer Service,Customer Support Analyst,Bengaluru,14-03-2020,6.4,56500,3,88.3,Yes,23,4,49,Yes,No,
EMP1413,Ravi Nair,Male,49,Operations,Process Associate,Chennai,28-10-2021,4.8,50500,5,90.4,No,25,1,50,No,No,
EMP1414,Karthik Singh,Male,24,Customer Service,Customer Service Manager,Coimbatore,14-04-2017,9.3,48500,2,88.1,No,42,3,47,No,No,
EMP1415,Lavanya Patel,Male,38,HR,HR Analyst,Bengaluru,25-08-2021,4.9,62500,3,83.9,Yes,16,3,41,No,No,
EMP1416,Prakash Krishnan,Male,35,Operations,Process Associate,Hyderabad,21-05-2016,10.2,63500,5,95.7,No,27,3,42,Yes,No,
EMP1417,Aishwarya Das,Female,36,IT,IT Manager,Chennai,13-01-2022,4.5,72500,3,93.9,No,5,5,35,No,No,
EMP1418,Nisha Iyer,Female,26,IT,Software Analyst,Hyderabad,09-05-2016,10.2,105000,3,84.6,No,33,3,43,No,No,
EMP1419,Suresh Reddy,Male,23,Operations,Operations Manager,Madurai,01-10-2017,8.8,66000,3,90.7,Yes,31,4,48,No,No,
EMP1420,Ajay Singh,Female,33,Customer Service,Team Leader,Chennai,03-07-2019,7.1,63000,3,91,No,40,5,43,No,No,
EMP1421,Nisha Verma,Female,37,Marketing,Digital Marketing Executive,Chennai,23-02-2022,4.4,53000,2,93,Yes,11,4,41,No,No,
EMP1422,Keerthi Verma,Male,48,IT,IT Manager,Chennai,10-03-2023,3.4,63500,3,86,Yes,25,3,43,No,No,
EMP1423,Lavanya MeNon,Female,37,Finance,Finance Manager,Chennai,08-09-2020,5.9,64500,3,84.6,Yes,9,2,50,No,No,
EMP1424,Rahul Pillai,Male,29,Finance,Finance Executive,Coimbatore,24-04-2017,9.3,76000,4,94.9,No,24,4,44,No,Yes,27-12-2022
EMP1425,MaNoj Patel,Male,30,Finance,Accountant,Bengaluru,16-11-2019,6.7,69000,3,83.6,Yes,50,5,53,No,No,
EMP1426,Ajay Sharma,Male,42,Finance,Finance Manager,Chennai,14-11-2023,2.7,55000,3,90.7,No,23,4,41,No,No,
EMP1427,Keerthi Kumar,Male,36,HR,HR Manager,Pune,25-11-2016,9.7,67500,3,90.2,No,8,5,45,No,No,
EMP1428,Deepa Gupta,Female,52,HR,Recruiter,Chennai,27-02-2023,3.4,40500,3,91.3,Yes,18,5,42,Yes,Yes,14-10-2024
EMP1429,Ajay Patel,Female,36,Operations,Operations Manager,Coimbatore,10-11-2019,6.7,63500,3,93.4,No,4,4,54,No,No,
EMP1430,Sanjay Gupta,Female,40,Finance,Financial Analyst,Pune,15-01-2016,10.5,84000,2,100,No,9,2,45,No,Yes,23-09-2020
EMP1431,Rahul Singh,Female,23,Customer Service,Customer Support Analyst,Hyderabad,12-12-2022,3.6,53000,4,83.2,Yes,38,3,55,No,No,
EMP1432,Meena Kumar,Female,27,IT,Software Analyst,Bengaluru,07-04-2016,10.3,98000,4,96.8,No,6,5,42,Yes,No,
EMP1433,Arun Reddy,Female,50,HR,Recruiter,Bengaluru,12-09-2019,6.9,53500,4,78.2,No,33,3,52,Yes,No,
EMP1434,Mohan Das,Male,33,Sales,Business Development Executive,Chennai,13-12-2017,8.6,67500,3,99.7,No,28,5,45,No,No,
EMP1435,Anjali Singh,Male,35,Sales,Sales Executive,Chennai,03-11-2021,4.7,53500,3,80.8,No,20,3,48,No,No,
EMP1436,Vignesh Gupta,Female,41,Customer Service,Customer Service Manager,Madurai,24-07-2016,10,63000,2,100,No,31,4,38,No,No,
EMP1437,Divya MeNon,Male,23,Sales,Sales Executive,Chennai,28-11-2016,9.7,68500,3,89.9,No,14,3,46,No,No,
EMP1438,Hari Patel,Male,38,IT,Software Analyst,Madurai,24-04-2021,5.3,79500,3,99.1,Yes,41,4,39,No,No,
EMP1439,Ravi Krishnan,Male,33,Customer Service,Customer Service Manager,Chennai,09-12-2025,0.6,29000,3,91.58870968,Yes,18,4,45,Yes,No,
EMP1440,Vignesh Nair,Female,26,Customer Service,Customer Service Executive,Pune,24-05-2016,10.2,59000,3,89.6,No,22,2,36,No,No,
EMP1441,Lavanya Gupta,Male,35,Sales,Sales Manager,Hyderabad,10-08-2020,6,65000,3,90,No,20,3,44,No,No,
EMP1442,Priya Nair,Male,36,HR,HR Manager,Hyderabad,11-01-2024,2.6,49000,4,87.4,Yes,38,2,49,No,No,
EMP1443,Kavya MeNon,Male,27,Sales,Sales Analyst,Bengaluru,28-11-2018,7.7,66500,4,96.3,Yes,36,3,47,No,No,
EMP1444,Vijay Singh,Male,40,HR,HR Executive,Chennai,05-12-2020,5.7,61500,3,89.7,No,0,3,38,Yes,No,
EMP1445,Rahul Sharma,Female,47,Sales,Sales Analyst,Chennai,21-05-2024,2.2,50000,3,87.5,No,32,4,35,No,No,
EMP1446,Kavya MeNon,Male,30,IT,Software Analyst,Bengaluru,13-04-2023,3.3,76000,3,95,Yes,2,4,46,No,Yes,10-08-2025
EMP1447,Kavya Patel,Female,54,Customer Service,Team Leader,Bengaluru,07-12-2018,7.6,66000,4,87.1,Yes,23,4,52,No,No,
EMP1448,MaNoj MeNon,Female,42,IT,IT Manager,Madurai,05-07-2023,3.1,75500,4,90.2,Yes,26,2,39,Yes,No,
EMP1449,Deepa Das,Male,48,IT,IT Manager,Madurai,04-10-2022,3.8,74500,4,92.6,Yes,23,3,54,No,Yes,29-07-2024
EMP1450,Rahul Kumar,Female,23,Sales,Business Development Executive,Coimbatore,25-01-2021,5.5,63000,4,88.5,No,36,2,44,No,No,
EMP1451,Ravi Iyer,Female,47,Operations,Process Associate,Chennai,30-05-2020,6.2,54500,3,89.3,Yes,39,3,35,Yes,No,
EMP1452,Dinesh Krishnan,Female,32,IT,IT Manager,Madurai,03-04-2025,1.3,64500,5,100,No,16,4,36,No,No,
EMP1453,Anjali Reddy,Male,45,Operations,Process Associate,Madurai,28-09-2024,1.8,44500,3,90.9,Yes,16,4,48,Yes,No,
EMP1454,Vijay Singh,Male,49,Customer Service,Team Leader,Coimbatore,26-11-2025,0.7,47000,3,90,Yes,27,4,45,No,No,
EMP1455,Nisha Kumar,Female,29,Finance,Finance Manager,Pune,03-10-2022,3.8,65000,3,91,No,5,5,51,No,Yes,04-01-2025
EMP1456,Keerthi Nair,Female,30,HR,HR Analyst,Coimbatore,05-08-2019,7,49500,5,94.5,No,21,4,38,Yes,No,
EMP1457,Mohan Krishnan,Female,23,Sales,Sales Analyst,Bengaluru,04-02-2017,9.5,68000,3,86.3,No,48,3,45,No,No,
EMP1458,Sneha Verma,Female,42,Finance,Finance Manager,Hyderabad,04-04-2017,9.3,74000,4,94.3,Yes,5,4,44,Yes,No,
EMP1459,Arun Das,Male,48,Customer Service,Customer Support Analyst,Unknown,06-07-2025,1.1,31500,3,93.4,No,23,4,43,No,No,
EMP1460,Prakash Das,Female,35,Finance,Accountant,Bengaluru,19-08-2019,7,71000,3,82.2,No,19,3,42,No,No,
EMP1461,Dinesh Reddy,Male,26,Operations,Operations Executive,Coimbatore,07-02-2017,9.5,65500,4,100,No,58,4,42,Yes,No,
EMP1462,Priya Krishnan,Female,32,IT,Data Analyst,Coimbatore,26-03-2018,8.4,94500,3,100,No,20,3,45,Yes,No,
EMP1463,Vignesh Balan,Male,35,Sales,Sales Manager,Chennai,17-03-2016,10.4,78500,4,87.6,No,21,1,46,No,No,
EMP1464,Priya Iyer,Male,53,Sales,Business Development Executive,Pune,23-04-2021,5.3,63500,4,85.8,No,13,4,45,Yes,No,
EMP1465,Prakash Krishnan,Female,25,Marketing,Marketing Executive,Pune,28-11-2021,4.7,61000,3,93.3,No,28,2,50,No,No,
EMP1466,Ravi Iyer,Female,33,Marketing,Digital Marketing Executive,Chennai,14-10-2019,6.8,66500,3,84.2,No,32,4,38,No,Yes,17-06-2024
EMP1467,Kavya Kumar,Female,43,Finance,Finance Manager,Chennai,11-06-2023,3.1,57500,3,99.5,No,15,2,35,Yes,No,
EMP1468,Rahul Sharma,Male,29,Sales,Business Development Executive,Chennai,21-10-2020,5.8,69000,4,89.4,No,43,3,49,No,No,
EMP1469,Prakash Kumar,Male,51,Marketing,Marketing Manager,Hyderabad,07-08-2025,1,52000,5,100,No,32,3,39,Yes,No,
EMP1470,Dinesh Nair,Female,52,Sales,Sales Executive,Coimbatore,19-08-2023,3,47500,3,87.5,Yes,41,5,42,No,No,
EMP1471,Mohan Sharma,Male,34,Customer Service,Customer Support Analyst,Chennai,02-10-2016,9.8,54000,4,91.4,No,23,3,41,No,No,
EMP1472,Lavanya Sharma,Male,47,Sales,Business Development Executive,Hyderabad,27-09-2018,7.8,68000,3,99,Yes,32,2,41,Yes,No,
EMP1473,Shalini Rajan,Female,47,HR,HR Manager,Madurai,18-07-2023,3,49500,3,90.2,No,25,4,37,No,No,
EMP1474,Arun Kumar,Male,44,IT,IT Support Executive,Madurai,17-05-2021,5.2,63000,3,93.5,Yes,50,3,41,No,No,
EMP1475,Aishwarya Patel,Female,27,IT,IT Manager,Madurai,14-07-2023,3,71500,3,98,Yes,30,4,47,No,No,
EMP1476,Ajay Gupta,Male,22,IT,IT Support Executive,Coimbatore,09-05-2019,7.2,73500,4,88.9,Yes,28,2,44,Yes,No,
EMP1477,Anjali Das,Female,33,Finance,Financial Analyst,Coimbatore,19-05-2016,10.2,85000,3,85.1,Yes,21,4,47,No,No,
EMP1478,Suresh Kumar,Female,25,Customer Service,Customer Service Manager,Chennai,07-11-2023,2.7,44000,3,84,Yes,20,5,42,Yes,No,
EMP1479,Harini Patel,Female,31,IT,Software Analyst,Madurai,07-11-2023,2.7,75500,4,95.2,Yes,32,3,49,Yes,No,
EMP1480,Shalini Singh,Female,43,IT,Data Analyst,Pune,25-05-2022,4.2,88000,4,94.1,No,40,4,41,Yes,No,
EMP1481,Gokul Rajan,Male,41,Finance,Financial Analyst,Coimbatore,17-01-2020,6.5,70500,3,97.8,No,18,2,35,No,No,
EMP1482,Dinesh Patel,Female,28,HR,Recruiter,Pune,01-02-2016,10.5,65500,5,90.5,No,30,3,46,Yes,No,
EMP1483,Harini Patel,Female,21,IT,Software Analyst,Coimbatore,12-04-2023,3.3,77500,2,84.1,No,31,4,48,Yes,No,
EMP1484,Aishwarya Reddy,Female,28,Sales,Sales Manager,Bengaluru,08-08-2022,4,58500,5,79.1,Yes,33,3,41,No,Yes,14-02-2024
EMP1485,Ajay Krishnan,Female,36,IT,IT Manager,Chennai,04-09-2022,3.9,71000,3,100,No,2,4,50,No,No,
EMP1486,Keerthi Reddy,Female,48,HR,HR Manager,Hyderabad,13-09-2017,8.9,71500,4,94.9,No,14,4,40,No,No,
EMP1487,Priya Sharma,Female,33,Customer Service,Customer Support Analyst,Chennai,25-04-2023,3.3,51500,3,92.8,No,8,2,47,No,No,
EMP1488,Pooja Kumar,Female,31,Finance,Finance Manager,Chennai,31-03-2023,3.3,55500,3,93.5,No,28,4,53,No,No,
EMP1489,Hari Verma,Male,40,Operations,Operations Analyst,Chennai,29-07-2024,2,36000,5,84.1,No,14,2,44,No,No,
EMP1490,Aishwarya Krishnan,Male,23,IT,IT Support Executive,Chennai,03-09-2021,4.9,73000,5,87.6,No,21,3,43,No,No,
EMP1491,Suresh MeNon,Female,28,HR,Recruiter,Pune,26-04-2023,3.3,47000,3,100,No,10,4,43,No,No,
EMP1492,Sneha Verma,Male,22,Operations,Operations Executive,Pune,06-01-2020,6.6,57500,4,95.6,No,22,5,52,No,No,
EMP1493,Rahul Das,Female,39,IT,Software Analyst,Bengaluru,19-12-2022,3.6,78000,4,87.8,Yes,11,2,46,No,Yes,21-03-2025
EMP1494,MaNoj Sharma,Female,36,Operations,Operations Executive,Chennai,10-12-2022,3.6,51500,5,85.3,No,39,4,55,Yes,No,
EMP1495,Sneha Krishnan,Male,41,Finance,Finance Manager,Hyderabad,18-10-2023,2.8,63000,2,89.2,No,35,4,45,No,Yes,02-05-2025
EMP1496,Pooja Rajan,Female,42,IT,IT Manager,Bengaluru,26-07-2024,2,68000,4,90.3,Yes,30,4,41,No,No,
EMP1497,Karthik MeNon,Female,34,Operations,Operations Analyst,Madurai,12-01-2016,10.6,77500,3,100,No,23,5,41,No,No,
EMP1498,Keerthi Singh,Female,51,IT,IT Manager,Coimbatore,15-10-2023,2.8,71500,1,91,No,0,3,44,No,No,
EMP1499,Arun Kumar,Male,53,Finance,Financial Analyst,Bengaluru,04-12-2023,2.7,61500,3,85.5,No,21,4,35,No,No,
EMP1500,Karthik Kumar,Female,24,Marketing,Marketing Manager,Chennai,15-06-2021,5.1,57500,5,91.7,Yes,17,5,42,No,No,
EMP1501,Dinesh Patel,Male,53,Marketing,Marketing Executive,Coimbatore,13-03-2021,5.4,62500,3,93.5,No,32,5,42,No,No,
EMP1502,Vijay Das,Female,27,Customer Service,Customer Service Executive,Bengaluru,25-03-2023,3.4,44000,4,85,No,37,4,45,No,No,
EMP1503,Deepa Rajan,Male,29,Finance,Finance Manager,Chennai,21-07-2020,6,70000,5,94.2,Yes,33,4,54,Yes,No,
EMP1504,Hari Sharma,Female,39,Finance,Accountant,Madurai,21-02-2020,6.4,65500,3,98.6,No,47,3,44,No,Yes,16-09-2023
EMP1505,Pooja Patel,Female,22,Operations,Operations Analyst,Coimbatore,13-01-2024,2.5,51500,4,92.8,No,19,2,35,Yes,Yes,08-06-2026
EMP1506,Divya Gupta,Female,33,IT,IT Manager,Bengaluru,22-11-2023,2.7,71500,2,87.6,Yes,19,3,39,Yes,No,
EMP1507,Sneha Balan,Male,27,Marketing,Marketing Analyst,Pune,25-01-2018,8.5,66500,3,89.1,No,44,4,45,No,No,
EMP1508,Ravi Krishnan,Female,37,Finance,Finance Manager,Hyderabad,16-04-2024,2.3,51000,4,82.9,Yes,30,3,44,No,No,
EMP1509,Deepa Singh,Female,49,Sales,Sales Executive,Bengaluru,07-04-2019,7.3,58500,4,91.3,No,24,4,52,No,Yes,24-03-2026
EMP1510,Sanjay Singh,Male,53,Marketing,Marketing Executive,Coimbatore,16-05-2017,9.2,69000,4,93.7,No,56,2,49,No,No,
EMP1511,Hari Iyer,Female,28,HR,HR Analyst,Coimbatore,13-10-2024,1.8,49500,4,87.1,Yes,37,3,49,Yes,No,
EMP1512,Ajay Rajan,Female,40,Sales,Sales Manager,Coimbatore,19-05-2018,8.2,70000,5,100,No,25,5,43,No,Yes,07-11-2022
EMP1513,Ajay Kumar,Female,37,IT,Software Analyst,Chennai,11-01-2018,8.6,87500,3,96.4,No,18,4,49,No,No,
EMP1514,Ajay Gupta,Female,35,Marketing,Marketing Executive,Bengaluru,13-09-2018,7.9,64000,5,82.1,No,48,4,40,Yes,No,
EMP1515,Ravi Reddy,Female,43,Operations,Operations Manager,Bengaluru,30-11-2020,5.7,57000,4,82.3,No,31,4,49,No,No,
EMP1516,Shalini Kumar,Female,55,Sales,Sales Analyst,Coimbatore,29-08-2017,8.9,69500,5,86.6,No,28,3,43,Yes,No,
EMP1517,Sanjay Reddy,Female,35,HR,HR Analyst,Hyderabad,05-08-2017,9,63000,2,100,No,38,2,37,No,No,
EMP1518,Ravi Iyer,Male,23,Customer Service,Customer Service Executive,Bengaluru,04-12-2019,6.7,47000,4,96.9,Yes,41,4,47,Yes,No,
EMP1519,Pooja Singh,Male,53,Sales,Sales Executive,Madurai,07-03-2018,8.4,58500,3,100,No,36,1,51,No,Yes,07-12-2025
EMP1520,Nisha Krishnan,Female,53,Sales,Sales Executive,Chennai,06-12-2017,8.7,68000,4,92.1,No,41,3,42,No,Yes,19-03-2022
EMP1521,Nisha Gupta,Male,32,Sales,Sales Manager,Chennai,14-02-2025,1.5,46000,5,90.8,No,35,3,52,No,No,
EMP1522,Suresh Krishnan,Female,38,IT,Software Analyst,Madurai,15-12-2021,4.6,80500,4,85.1,No,36,3,36,Yes,No,
EMP1523,Dinesh Verma,Male,51,Operations,Operations Executive,Madurai,20-02-2016,10.4,70000,5,93.9,No,17,5,38,No,No,
EMP1524,Ajay Iyer,Male,38,Marketing,Marketing Manager,Chennai,06-01-2017,9.6,76000,3,90.9,No,55,5,43,No,Yes,09-07-2022
EMP1525,Nisha MeNon,Male,37,Marketing,Marketing Analyst,Chennai,21-02-2024,2.4,47500,3,90.7,No,9,4,42,No,No,
EMP1526,Ajay Verma,Male,53,Sales,Sales Manager,Chennai,13-09-2018,7.9,60000,3,100,Yes,33,2,41,No,No,
EMP1527,Karthik Nair,Male,50,Finance,Accountant,Hyderabad,10-07-2017,9.1,79500,3,91.3,No,8,5,45,No,No,
EMP1528,Harini Balan,Male,38,IT,IT Manager,Bengaluru,28-08-2022,3.9,72500,3,99.3,No,27,4,41,No,No,
EMP1529,Rahul Pillai,Female,26,Sales,Business Development Executive,Madurai,19-05-2024,2.2,54000,3,83.3,No,19,2,42,No,No,
EMP1530,Ajay MeNon,Male,36,Sales,Sales Analyst,Chennai,26-12-2019,6.6,62000,5,100,No,30,3,45,Yes,No,
EMP1531,Arun Rajan,Male,44,Sales,Sales Manager,Chennai,06-06-2023,3.2,51000,3,89.9,No,33,4,41,No,No,
EMP1532,Sanjay Iyer,Male,30,HR,HR Analyst,Chennai,19-03-2020,6.4,57000,5,95.9,No,14,3,43,No,No,
EMP1533,Divya Krishnan,Male,39,IT,IT Manager,Madurai,01-02-2017,9.5,90500,3,96.8,Yes,28,4,41,Yes,No,
EMP1534,Vijay Gupta,Male,44,Marketing,Marketing Analyst,Chennai,24-12-2023,2.6,58000,4,89.3,No,49,4,38,No,No,
EMP1535,Sneha Kumar,Female,23,HR,HR Manager,Madurai,10-03-2025,1.4,50500,4,96.5,No,8,2,48,Yes,Yes,13-07-2026
EMP1536,Nisha Nair,Female,40,IT,IT Support Executive,Pune,05-11-2025,0.7,52500,3,96.8,Yes,15,3,53,No,No,
EMP1537,Keerthi Iyer,Male,46,Operations,Operations Manager,Coimbatore,31-12-2016,9.6,75000,4,88.1,No,41,2,49,No,No,
EMP1538,Harini Singh,Female,28,Marketing,Marketing Analyst,Hyderabad,26-08-2021,4.9,57000,5,88.1,No,29,4,46,Yes,No,
EMP1539,Deepa Balan,Male,40,Operations,Process Associate,Chennai,27-03-2022,4.3,48500,4,92.2,Yes,30,2,41,No,Yes,16-01-2024
EMP1540,Gokul Reddy,Male,45,Finance,Finance Executive,Chennai,15-10-2016,9.8,74500,4,91.4,No,43,4,43,Yes,Yes,25-08-2022
EMP1541,Vijay Reddy,Female,22,Operations,Process Associate,Pune,08-07-2025,1.1,47000,4,99.7,No,16,2,49,Yes,No,
EMP1542,Ajay MeNon,Male,43,Sales,Business Development Executive,Madurai,10-01-2017,9.6,72500,4,95.9,Yes,20,2,35,No,Yes,16-05-2025
EMP1543,Anjali Reddy,Female,30,Finance,Financial Analyst,Bengaluru,08-09-2018,7.9,75500,4,91.6,Yes,18,2,42,Yes,No,
EMP1544,Vignesh Krishnan,Male,34,Sales,Business Development Executive,Pune,07-09-2025,0.9,51500,4,95.3,No,23,3,48,No,No,
EMP1545,Vignesh Sharma,Male,43,Finance,Finance Manager,Coimbatore,24-07-2021,5,63500,4,80.7,No,48,4,38,No,No,
EMP1546,Keerthi Kumar,Male,21,Finance,Financial Analyst,Madurai,17-10-2022,3.8,63500,2,88.6,No,2,4,46,No,No,
EMP1547,Vijay Gupta,Male,21,Sales,Business Development Executive,Coimbatore,08-12-2020,5.6,56500,4,93.6,Yes,10,2,46,No,No,
EMP1548,Divya Reddy,Female,36,Marketing,Digital Marketing Executive,Chennai,11-07-2023,3.1,57000,3,98.1,Yes,8,3,37,No,No,
EMP1549,Rahul Nair,Male,54,Sales,Sales Analyst,Chennai,24-10-2016,9.8,68000,3,93.1,No,49,3,44,No,No,
EMP1550,Divya Singh,Female,21,Sales,Sales Executive,Chennai,04-10-2022,3.8,46500,5,100,No,19,4,41,No,No,
EMP1551,Keerthi MeNon,Female,48,HR,HR Analyst,Hyderabad,31-08-2016,9.9,71500,3,96.8,No,23,3,46,No,No,
EMP1552,Lavanya Sharma,Female,23,Finance,Financial Analyst,Bengaluru,18-10-2017,8.8,76500,2,89.3,Yes,4,3,47,No,No,
EMP1553,Ajay Reddy,Male,38,Sales,Sales Manager,Chennai,23-01-2021,5.5,64500,4,91.2,No,24,3,46,No,No,
EMP1554,Rahul Sharma,Male,36,Finance,Finance Executive,Chennai,25-06-2020,6.1,59500,2,94.2,No,41,5,44,Yes,No,
EMP1555,Meena Gupta,Male,37,Sales,Sales Manager,Bengaluru,11-07-2017,9.1,66000,2,89.5,No,32,2,45,No,No,
EMP1556,Pooja Das,Female,23,Marketing,Digital Marketing Executive,Pune,25-12-2023,2.6,50500,4,100,Yes,26,3,38,Yes,No,
EMP1557,Dinesh Gupta,Male,47,Customer Service,Customer Support Analyst,Chennai,07-01-2019,7.6,50500,4,85.9,No,5,4,44,No,No,
EMP1558,Dinesh Krishnan,Female,30,IT,IT Support Executive,Madurai,30-08-2024,1.9,58500,4,93.7,No,23,3,40,No,Yes,05-07-2026
EMP1559,Meena Gupta,Female,47,IT,IT Manager,Hyderabad,24-02-2016,10.4,97000,3,96,No,30,3,49,Yes,No,
EMP1560,Arun Patel,Male,43,Operations,Operations Executive,Hyderabad,16-05-2018,8.2,66000,2,90.3,Yes,13,2,47,No,No,
EMP1561,Anjali Rajan,Female,40,Customer Service,Customer Support Analyst,Pune,20-12-2018,7.6,51000,2,89,Yes,38,3,47,No,Yes,30-04-2026
EMP1562,Dinesh Verma,Male,31,IT,IT Manager,Chennai,17-12-2021,4.6,65500,3,91.6,No,41,2,53,No,No,
EMP1563,Karthik Verma,Female,43,Operations,Process Associate,Chennai,04-01-2020,6.6,50000,2,96.5,Yes,20,5,42,No,Yes,26-01-2026
EMP1564,Shalini Verma,Male,55,Operations,Process Associate,Madurai,27-07-2017,9,61500,4,89.3,No,39,5,41,No,No,
EMP1565,Arun Pillai,Female,53,Operations,Operations Executive,Chennai,17-09-2021,4.9,54000,3,86.1,No,26,3,42,No,No,
EMP1566,Ajay Das,Female,53,Finance,Accountant,Hyderabad,01-08-2025,1,51500,4,98.3,Yes,45,2,36,Yes,No,
EMP1567,Meena Reddy,Female,28,HR,HR Executive,Chennai,03-05-2017,9.2,55500,4,94.2,No,59,4,36,No,No,
EMP1568,Dinesh Balan,Male,41,HR,HR Manager,Bengaluru,10-07-2018,8.1,62500,4,97.5,No,12,2,47,No,No,
EMP1569,Ravi Sharma,Female,34,IT,IT Support Executive,Pune,13-10-2020,5.8,75500,4,96.2,Yes,40,3,37,No,No,
EMP1570,Pooja Balan,Male,54,IT,Software Analyst,Pune,08-04-2023,3.3,87000,3,100,No,48,3,39,No,No,
EMP1571,Arun Gupta,Female,54,Finance,Financial Analyst,Bengaluru,14-05-2017,9.2,71500,4,98.1,No,13,3,43,No,No,
EMP1572,Prakash Das,Male,51,IT,IT Support Executive,Pune,24-04-2018,8.3,74000,4,88,No,19,3,42,No,No,
EMP1573,Vignesh Patel,Male,26,IT,IT Manager,Chennai,09-05-2018,8.2,79500,1,94.6,Yes,19,2,48,No,No,
EMP1574,Karthik MeNon,Male,32,Operations,Process Associate,Madurai,28-02-2022,4.4,52500,4,88.9,No,26,3,44,Yes,No,
EMP1575,Hari Verma,Male,45,HR,HR Manager,Chennai,28-10-2016,9.8,62000,4,89.5,No,23,4,40,Yes,No,
EMP1576,Vijay Rajan,Male,47,Sales,Business Development Executive,Pune,05-08-2022,4,63000,4,84.2,Yes,25,3,49,No,No,
EMP1577,Sanjay Nair,Female,33,Operations,Process Associate,Pune,03-04-2020,6.3,57000,2,90.4,No,41,4,48,Yes,No,
EMP1578,Sneha Krishnan,Male,25,Operations,Process Associate,Chennai,14-04-2019,7.3,59000,3,95,No,0,1,37,No,No,
EMP1579,Sneha Gupta,Female,25,Customer Service,Customer Service Manager,Chennai,15-08-2024,2,47500,2,91.6,No,13,4,45,No,No,
EMP1580,Meena MeNon,Male,44,Operations,Operations Analyst,Madurai,03-10-2024,2.4,50000,4,86,No,38,3,40,No,No,
EMP1581,Pooja Das,Female,36,Operations,Process Associate,Chennai,12-01-2024,2.6,49000,2,83.6,No,36,5,40,No,No,
EMP1582,Meena Sharma,Female,38,Sales,Business Development Executive,Hyderabad,08-11-2024,1.7,46000,3,100,No,12,4,53,No,No,
EMP1583,Keerthi Singh,Male,49,Finance,Financial Analyst,Chennai,04-05-2018,8.2,71000,4,93.8,No,36,3,45,Yes,No,
EMP1584,Harini Verma,Female,21,Sales,Sales Manager,Hyderabad,20-07-2024,2,45500,3,87.5,No,48,2,43,No,No,
EMP1585,Rahul Patel,Female,47,IT,Data Analyst,Coimbatore,04-10-2017,8.8,107000,3,94.5,No,27,5,44,No,No,
EMP1586,Ajay Patel,Female,30,Customer Service,Customer Service Executive,Madurai,23-04-2019,7.3,53500,4,100,No,13,4,48,Yes,Yes,01-06-2026
EMP1587,Deepa Patel,Male,53,Finance,Financial Analyst,Chennai,22-07-2021,5,70000,4,95.4,No,41,4,40,No,No,
EMP1588,Karthik Patel,Male,54,IT,Software Analyst,Pune,12-06-2023,3.1,75000,4,76.7,No,54,5,41,No,No,
EMP1589,Aishwarya Singh,Female,38,Sales,Business Development Executive,Coimbatore,11-10-2021,4.8,61500,4,92.01712159,No,15,4,47,No,No,
EMP1590,Suresh Balan,Male,32,Sales,Business Development Executive,Madurai,05-08-2021,5,52000,3,81.8,Yes,29,5,36,No,No,
EMP1591,Priya Singh,Female,29,Sales,Sales Executive,Madurai,07-10-2019,6.8,53500,3,90.9,No,44,3,49,No,No,
EMP1592,Divya MeNon,Male,27,HR,Recruiter,Pune,04-12-2021,4.7,49500,3,85.8,Yes,30,4,36,Yes,No,
EMP1593,Gokul Singh,Female,55,Customer Service,Team Leader,Hyderabad,01-10-2020,5.8,69500,4,87.9,No,2,3,43,No,No,
EMP1594,Harini Verma,Male,27,Finance,Finance Executive,Hyderabad,10-10-2020,5.8,73500,3,93.6,No,35,3,36,No,No,
EMP1595,Deepa Rajan,Male,36,Operations,Operations Manager,Coimbatore,09-11-2021,4.7,54000,3,80.6,No,13,3,39,Yes,No,
EMP1596,Arun Sharma,Female,37,Marketing,Marketing Manager,Hyderabad,01-01-2022,4.6,55000,4,91.5,Yes,9,2,50,Yes,No,
EMP1597,Ravi Singh,Female,44,Sales,Sales Manager,Chennai,20-04-2019,7.3,54500,5,98.3,No,2,4,49,Yes,No,
EMP1598,Vijay Pillai,Female,50,Sales,Sales Manager,Bengaluru,10-05-2017,9.2,67500,4,87.4,No,46,3,50,No,Yes,29-05-2023
EMP1599,Mohan Krishnan,Female,40,Operations,Operations Manager,Madurai,30-12-2018,7.6,64500,5,84.4,No,15,1,37,No,No,
EMP1600,Keerthi MeNon,Male,47,Sales,Sales Analyst,Coimbatore,02-02-2020,6.5,63500,3,91.2,No,33,3,39,No,No,
EMP1601,Gokul Patel,Male,40,Customer Service,Customer Service Manager,Pune,10-08-2017,9,62500,2,90.1,No,37,3,46,No,No,
EMP1602,Karthik Nair,Male,36,Sales,Sales Analyst,Pune,11-10-2017,8.8,65000,4,88.7,Yes,30,4,48,No,No,
EMP1603,Vijay Pillai,Male,26,Marketing,Marketing Manager,Coimbatore,05-07-2025,1.1,51500,3,85.5,No,32,4,40,Yes,No,
EMP1604,Pooja Singh,Male,28,Operations,Operations Manager,Coimbatore,20-10-2018,7.8,61000,3,94.9,No,34,5,41,No,Yes,27-02-2023
EMP1605,Arun Krishnan,Female,36,Sales,Sales Manager,Hyderabad,23-05-2023,3.2,53500,2,95.3,No,30,4,38,No,No,
EMP1606,Keerthi Gupta,Male,22,Sales,Business Development Executive,Pune,11-04-2017,9.3,67000,3,86.1,No,17,3,52,No,No,
EMP1607,Divya MeNon,Male,32,Customer Service,Team Leader,Bengaluru,21-09-2025,0.9,50000,2,86.9,No,15,3,42,No,No,
EMP1608,Ravi Iyer,Male,37,Sales,Sales Manager,Chennai,15-02-2018,8.5,67000,3,92.8,Yes,26,3,44,Yes,No,
EMP1609,Vijay Nair,Male,37,Finance,Finance Executive,Madurai,09-12-2019,6.6,67500,3,86.7,Yes,26,4,44,Yes,Yes,04-12-2023
EMP1610,Deepa Kumar,Male,49,Finance,Finance Executive,Hyderabad,27-10-2023,2.8,61000,4,93,No,34,3,50,No,No,
EMP1611,Vignesh Pillai,Female,54,Sales,Sales Analyst,Bengaluru,05-01-2018,8.6,58500,5,100,No,45,3,39,Yes,Yes,06-09-2021
EMP1612,Harini Gupta,Male,46,Operations,Operations Manager,Bengaluru,01-07-2021,5.1,60500,4,91.7,Yes,33,3,50,No,No,
EMP1613,Meena Singh,Female,23,Operations,Process Associate,Bengaluru,09-11-2023,2.7,46500,2,85.3,No,16,4,38,No,No,
EMP1614,Divya Verma,Female,35,Finance,Finance Executive,Madurai,27-03-2016,10.3,70500,4,94.2,No,0,2,50,No,Yes,12-10-2020
EMP1615,Aishwarya Rajan,Female,46,Operations,Process Associate,Madurai,02-04-2016,10.3,65500,4,91,Yes,16,4,35,No,No,
EMP1616,Harini Kumar,Female,41,Sales,Business Development Executive,Hyderabad,20-11-2023,2.7,50500,3,91.2,No,8,2,43,Yes,No,
EMP1617,Aishwarya Rajan,Male,37,HR,HR Analyst,Chennai,17-08-2018,8,68500,3,94.6,No,17,5,52,No,No,
EMP1618,Mohan Verma,Male,36,IT,Software Analyst,Bengaluru,04-02-2025,1.5,76000,4,95.8,No,27.50287356,4,47,No,No,
EMP1619,Vignesh Rajan,Male,35,Customer Service,Customer Support Analyst,Bengaluru,10-04-2025,1.3,43000,3,92.2,Yes,29,5,46,No,No,
EMP1620,Karthik Sharma,Female,41,HR,HR Manager,Hyderabad,21-10-2024,1.8,48000,3,91.7,No,56,2,39,No,No,
EMP1621,Prakash Rajan,Female,27,Sales,Business Development Executive,Madurai,20-12-2025,0.6,44500,5,100,No,35,5,40,No,No,
EMP1622,Nisha Singh,Male,39,IT,IT Support Executive,Bengaluru,25-03-2024,2.4,62500,3,98.6,No,57,4,51,No,No,
EMP1623,Ravi Reddy,Male,28,Operations,Process Associate,Chennai,01-11-2019,6.7,61000,3,96.6,No,39,3,46,No,No,
EMP1624,Ravi Iyer,Female,44,HR,HR Executive,Chennai,03-12-2025,0.7,49000,3,92.7,No,44,3,48,Yes,No,
EMP1625,Nisha Gupta,Female,51,Finance,Finance Executive,Madurai,17-06-2019,7.1,68000,2,86.5,Yes,23,2,44,No,No,
EMP1626,Divya Pillai,Female,38,Marketing,Digital Marketing Executive,Chennai,12-11-2021,4.7,51500,2,98.2,No,12,2,43,Yes,No,
EMP1627,Ajay Nair,Female,34,Finance,Finance Executive,Pune,21-01-2016,10.5,69500,3,92.8,No,21,3,48,Yes,No,
EMP1628,Kavya Verma,Female,53,Sales,Sales Manager,Pune,17-08-2025,1,44000,5,88.8,Yes,28,2,45,Yes,No,
EMP1629,Prakash Gupta,Female,44,Sales,Sales Analyst,Chennai,02-12-2021,4.7,44500,3,90.7,Yes,19,5,43,No,No,
EMP1630,Vijay Verma,Male,35,Finance,Finance Executive,Hyderabad,28-06-2025,1.1,61000,4,91.55736434,No,13,2,37,Yes,No,
EMP1631,Deepa Kumar,Male,22,IT,IT Support Executive,Coimbatore,12-07-2019,7.1,77000,2,97.8,No,34,4,49,No,Yes,18-06-2026
EMP1632,Ajay Gupta,Female,21,Operations,Process Associate,Bengaluru,18-02-2019,7.4,57000,4,95.8,No,13,4,46,No,No,
EMP1633,Swathi Das,Female,28,IT,Software Analyst,Hyderabad,23-03-2021,5.4,80500,4,93,Yes,5,4,41,Yes,No,
EMP1634,Nisha Kumar,Male,29,Marketing,Marketing Analyst,Coimbatore,20-08-2024,1.9,55500,3,91.8,No,11,4,50,No,Yes,22-07-2025
EMP1635,Gokul Balan,Female,46,Customer Service,Customer Support Analyst,Chennai,28-06-2021,5.1,43000,4,88.3,Yes,24,4,45,Yes,No,
EMP1636,Suresh Iyer,Male,38,Finance,Financial Analyst,Chennai,04-12-2023,2.7,58500,4,91.55736434,No,13,3,45,Yes,No,
EMP1637,Swathi Balan,Female,55,Finance,Accountant,Coimbatore,22-02-2018,8.4,68500,2,84.2,No,25,3,48,No,No,
EMP1638,Rahul MeNon,Male,39,Customer Service,Customer Support Analyst,Pune,04-10-2023,2.8,43000,4,87.9,No,37,3,47,No,No,
EMP1639,Shalini Reddy,Female,52,Sales,Sales Analyst,Coimbatore,29-04-2023,3.3,54500,5,87.1,No,37,5,45,Yes,No,
EMP1640,Priya Kumar,Male,40,Marketing,Marketing Analyst,Madurai,18-12-2024,1.6,55500,3,93.6,No,18,5,43,No,Yes,06-03-2026
EMP1641,Karthik Verma,Male,33,Marketing,Digital Marketing Executive,Chennai,29-07-2016,10,77500,3,96.5,No,8,2,54,No,Yes,03-08-2021
EMP1642,Kavya Rajan,Male,46,HR,Recruiter,Pune,04-11-2019,6.7,57500,3,91.3,No,19,1,40,No,No,
EMP1643,Lavanya Gupta,Female,36,Finance,Accountant,Madurai,20-11-2016,9.7,80000,4,99.7,No,38,4,48,No,No,
EMP1644,Karthik Krishnan,Male,30,Sales,Business Development Executive,Bengaluru,01-01-2020,6.6,59500,2,87.7,No,41,4,44,No,No,
EMP1645,Meena Sharma,Male,37,Sales,Sales Analyst,Bengaluru,04-08-2023,3,42500,4,91.3,No,33,5,46,No,No,
EMP1646,Priya Das,Female,44,Finance,Finance Executive,Chennai,27-05-2022,4.2,58000,3,91.7,No,46,4,50,No,No,
EMP1647,Shalini Pillai,Male,34,Sales,Sales Executive,Chennai,13-07-2023,3.1,47500,4,98,No,54,5,42,No,No,
EMP1648,Deepa Verma,Male,45,Operations,Operations Executive,Madurai,19-05-2023,3.2,49500,3,92.6,Yes,21,5,47,No,No,
EMP1649,Anjali Rajan,Male,55,Operations,Operations Analyst,Madurai,03-12-2025,0.7,41500,3,92.7,No,50,5,45,No,No,
EMP1650,Divya Rajan,Female,35,Operations,Operations Analyst,Bengaluru,18-10-2024,1.8,46500,5,82.9,Yes,27.96621622,4,41,Yes,No,
EMP1651,Mohan Rajan,Male,31,Sales,Sales Analyst,Hyderabad,11-11-2021,4.7,58000,2,87.1,No,43,2,50,No,No,
EMP1652,Ajay Balan,Male,35,Sales,Sales Executive,Chennai,04-10-2024,1.8,55500,4,98,No,39,3,48,Yes,No,
EMP1653,Lavanya Rajan,Male,50,Sales,Sales Analyst,Coimbatore,24-06-2016,10.1,61500,5,80.6,Yes,0,4,42,Yes,No,
EMP1654,Sneha Kumar,Male,27,HR,Recruiter,Chennai,20-03-2023,3.4,43000,4,99.4,No,14,3,50,No,No,
EMP1655,Divya Patel,Male,55,Customer Service,Team Leader,Chennai,21-03-2021,5.4,56000,2,94.7,No,10,3,40,No,No,
EMP1656,Meena Pillai,Male,35,Finance,Financial Analyst,Bengaluru,27-07-2025,1,62000,2,87.9,No,1,5,44,Yes,No,
EMP1657,Kavya Nair,Male,50,Sales,Sales Analyst,Hyderabad,14-01-2021,5.5,56500,3,87.4,No,41,3,42,No,No,
EMP1658,MaNoj Krishnan,Male,48,Operations,Operations Manager,Bengaluru,14-10-2017,8.8,63500,4,100,No,59,4,48,No,No,
EMP1659,Ravi Rajan,Female,48,Finance,Finance Executive,Chennai,30-03-2023,3.3,62000,4,99.8,No,24,4,42,No,No,
EMP1660,Ajay MeNon,Male,52,HR,HR Manager,Coimbatore,03-07-2025,1.1,49000,2,91.3,No,41,3,48,No,Yes,07-05-2026
EMP1661,Meena Das,Male,27,Sales,Sales Analyst,Madurai,29-02-2016,10.4,70000,3,92.7,No,50,2,47,No,No,
EMP1662,Meena Verma,Female,41,IT,IT Support Executive,Pune,22-08-2016,9.9,78000,3,88.4,No,31,2,42,No,No,
EMP1663,Gokul Krishnan,Female,24,Operations,Process Associate,Bengaluru,12-08-2022,4,52000,3,92.7,Yes,28,3,53,Yes,No,
EMP1664,Shalini Sharma,Female,31,Sales,Sales Analyst,Pune,22-07-2021,5,55000,5,88.3,No,24,3,40,No,No,
EMP1665,Keerthi Singh,Male,22,Customer Service,Customer Service Manager,Chennai,27-06-2021,5.1,47000,3,91.6,No,36,3,37,No,No,
EMP1666,Aishwarya Kumar,Male,44,Operations,Operations Analyst,Madurai,25-11-2016,9.7,67000,3,100,Yes,41,2,48,Yes,No,
EMP1667,Sneha Iyer,Male,42,Operations,Operations Analyst,Bengaluru,20-09-2021,4.9,61000,2,91.5,No,35,4,35,Yes,No,
EMP1668,Dinesh Pillai,Male,46,Sales,Sales Manager,Madurai,05-09-2021,4.9,57000,4,86.2,No,34,3,51,No,No,
EMP1669,Gokul Singh,Male,27,HR,Recruiter,Bengaluru,29-06-2024,2.1,50000,3,84.5,No,27,3,45,No,No,
EMP1670,Arun Verma,Female,32,Operations,Operations Manager,Coimbatore,26-11-2019,6.7,67500,3,92.7,Yes,4,2,37,No,No,
EMP1671,Pooja Kumar,Male,44,Sales,Sales Executive,Pune,24-06-2019,7.1,63500,3,87.8,No,41,3,39,No,No,
EMP1672,Keerthi Verma,Female,49,IT,Software Analyst,Chennai,25-10-2016,9.8,94500,3,93.4,No,9,4,36,No,No,
EMP1673,Gokul Verma,Male,51,Marketing,Marketing Manager,Pune,01-09-2021,4.9,63500,4,83.1,Yes,37,3,46,Yes,No,
EMP1674,Harini MeNon,Male,23,HR,HR Manager,Madurai,25-06-2022,4.1,55000,5,95.8,No,39,2,37,No,No,
EMP1675,Hari Sharma,Female,35,Operations,Process Associate,Madurai,22-10-2018,7.8,72500,4,86.2,No,11,3,47,No,Yes,27-11-2023
EMP1676,Hari Verma,Female,21,Customer Service,Team Leader,Coimbatore,25-04-2023,3.3,55500,3,92.3,Yes,19,4,42,No,No,
EMP1677,Prakash Verma,Male,49,Marketing,Marketing Manager,Chennai,19-05-2025,1.2,52500,3,90.1,No,60,3,42,No,No,
EMP1678,Sneha Iyer,Female,25,Finance,Accountant,Pune,28-09-2017,8.8,74000,2,100,Yes,27,3,47,No,No,
EMP1679,Shalini Pillai,Male,49,Operations,Operations Executive,Pune,23-09-2021,4.9,56500,4,92.9,No,10,3,47,No,No,
EMP1680,Swathi Verma,Male,26,IT,Software Analyst,Pune,11-12-2022,3.6,79500,4,100,No,40,3,50,No,No,
EMP1681,Sanjay Iyer,Female,21,Marketing,Marketing Analyst,Pune,08-03-2016,10.4,74500,3,95.1,No,16,2,41,No,No,
EMP1682,Swathi Patel,Male,51,Operations,Operations Analyst,Bengaluru,16-10-2017,8.8,69000,5,99.8,No,0,2,44,No,No,
EMP1683,Aishwarya Patel,Male,36,Marketing,Marketing Manager,Madurai,16-12-2019,6.6,68500,3,90.9,No,36,5,41,No,No,
EMP1684,Sneha Reddy,Male,35,Sales,Sales Analyst,Hyderabad,16-05-2017,9.2,68500,4,93.9,No,14,4,45,Yes,No,
EMP1685,MaNoj Verma,Male,43,HR,Recruiter,Chennai,22-07-2019,7,56000,4,98.7,No,33,3,40,No,No,
EMP1686,Arun Verma,Male,30,Sales,Sales Analyst,Hyderabad,22-06-2017,9.1,65000,3,97,Yes,16,4,42,No,No,
EMP1687,Vijay Rajan,Male,45,IT,IT Support Executive,Coimbatore,19-12-2024,1.6,54000,3,94.9,No,39,4,42,No,Yes,22-08-2025
EMP1688,Ajay Das,Female,36,IT,IT Support Executive,Bengaluru,28-12-2021,4.6,75000,3,90.2,Yes,31,3,45,No,No,
EMP1689,Lavanya Das,Female,30,IT,Software Analyst,Madurai,17-04-2019,7.3,88000,4,91.1,No,0,3,44,No,No,
EMP1690,Karthik Singh,Male,34,Finance,Accountant,Madurai,15-10-2023,2.8,61500,3,98.3,No,34,3,47,No,No,
EMP1691,Lavanya Krishnan,Male,21,Operations,Operations Executive,Chennai,08-03-2016,10.4,72500,4,99.4,Yes,24,5,43,No,No,
EMP1692,Vijay MeNon,Female,31,Customer Service,Customer Service Manager,Madurai,20-12-2021,4.6,48500,2,88.7,Yes,49,4,41,No,Yes,12-09-2024
EMP1693,Mohan Nair,Male,41,Sales,Sales Manager,Madurai,01-11-2022,3.7,52000,4,87.9,Yes,34,4,45,No,Yes,05-12-2025
EMP1694,Swathi Patel,Male,25,Marketing,Marketing Manager,Chennai,04-02-2024,2.5,49000,4,87,Yes,39,5,39,No,No,
EMP1695,Sneha Verma,Female,25,Marketing,Marketing Manager,Chennai,22-03-2018,8.4,63500,2,96.6,No,17,5,47,Yes,No,
EMP1696,Meena Nair,Male,43,IT,Software Analyst,Coimbatore,30-11-2021,4.7,91500,3,86.9,No,16,2,43,Yes,No,
EMP1697,Divya Singh,Male,35,Sales,Sales Manager,Madurai,05-09-2023,2.9,51000,4,96.5,No,28,3,45,No,No,
EMP1698,Keerthi Pillai,Male,25,Operations,Operations Executive,Hyderabad,22-12-2023,2.6,56000,2,95,Yes,23,3,45,No,No,
EMP1699,Aishwarya Gupta,Male,47,Customer Service,Customer Service Manager,Chennai,03-10-2017,8.8,64000,2,89,No,48,4,52,No,No,
EMP1700,Harini Krishnan,Male,48,Marketing,Marketing Manager,Coimbatore,07-10-2025,0.8,46000,3,100,No,26,3,46,Yes,No,
EMP1701,Shalini Nair,Female,22,Customer Service,Team Leader,Chennai,27-09-2018,7.8,67500,5,84,No,10,3,44,Yes,No,
EMP1702,Deepa MeNon,Male,28,Customer Service,Customer Service Manager,Coimbatore,29-11-2019,6.7,52500,3,100,Yes,16,3,41,Yes,No,
EMP1703,Kavya MeNon,Female,33,Finance,Finance Manager,Coimbatore,02-12-2017,8.7,67500,4,93.8,No,42,4,48,No,No,
EMP1704,Deepa Singh,Female,46,IT,IT Manager,Bengaluru,01-07-2017,9.1,85000,4,80.6,Yes,25,2,43,No,No,
EMP1705,Shalini Kumar,Male,23,IT,Software Analyst,Madurai,22-07-2018,8,94500,3,100,No,25,3,36,Yes,Yes,17-07-2025
EMP1706,Meena Patel,Male,49,Customer Service,Customer Service Executive,Coimbatore,09-05-2017,9.2,53000,4,97.3,No,44,2,43,No,No,
EMP1707,Prakash Reddy,Male,32,HR,HR Manager,Chennai,30-04-2023,3.3,49000,3,89.6,No,14,2,45,No,No,
EMP1708,Lavanya Pillai,Female,25,Finance,Accountant,Madurai,22-12-2021,4.6,61000,3,86.7,Yes,0,4,40,No,No,
EMP1709,Kavya Krishnan,Male,51,Operations,Operations Analyst,Madurai,25-11-2019,6.7,71000,2,83.4,Yes,15,4,43,No,No,
EMP1710,Anjali Sharma,Female,24,Sales,Sales Executive,Bengaluru,21-06-2021,5.1,48000,3,100,No,32,3,44,No,No,
EMP1711,MaNoj Nair,Female,25,Operations,Operations Manager,Madurai,16-01-2022,4.5,58000,4,86.9,No,24,5,44,No,No,
EMP1712,Deepa Reddy,Female,54,Finance,Finance Manager,Bengaluru,04-11-2017,8.7,71500,4,85.1,No,5,5,50,No,Yes,19-07-2022
EMP1713,Karthik Singh,Female,39,Customer Service,Customer Service Manager,Madurai,20-12-2018,7.6,52000,4,93.5,No,43,3,37,Yes,No,
EMP1714,Ajay Kumar,Female,37,Operations,Operations Manager,Chennai,27-10-2024,1.8,47500,4,83,Yes,30,4,54,No,No,
EMP1715,Dinesh Pillai,Female,45,Sales,Sales Manager,Chennai,14-02-2016,10.5,73500,3,86.6,No,34,3,44,No,No,
EMP1716,Gokul Verma,Female,43,Operations,Operations Manager,Chennai,27-07-2025,1,50000,3,97.5,No,34,4,47,No,No,
EMP1717,Gokul Verma,Female,42,Sales,Sales Analyst,Coimbatore,23-08-2025,0.9,46000,3,94.6,No,9,2,45,Yes,No,
EMP1718,Rahul Singh,Female,21,IT,IT Support Executive,Hyderabad,13-07-2018,8.1,82000,2,89.9,No,33,5,35,Yes,Yes,25-11-2022
EMP1719,Dinesh Gupta,Female,40,Marketing,Marketing Manager,Bengaluru,17-03-2019,7.4,71000,3,92.1,No,42,5,39,No,No,
EMP1720,Nisha Krishnan,Male,30,Operations,Operations Analyst,Madurai,25-01-2018,8.5,70000,4,89.6,No,45,2,41,Yes,No,
EMP1721,Aishwarya Reddy,Female,49,HR,HR Analyst,Chennai,10-08-2021,5,52500,5,91.7,Yes,39,3,49,Yes,No,
EMP1722,Anjali Sharma,Male,38,Sales,Sales Manager,Hyderabad,20-02-2018,8.4,67000,4,87.8,No,36,4,37,No,No,
EMP1723,Kavya Rajan,Female,25,Marketing,Digital Marketing Executive,Chennai,28-11-2023,2.7,56000,3,88.8,Yes,2,3,40,No,No,
EMP1724,Keerthi Iyer,Male,52,IT,Software Analyst,Madurai,16-11-2019,6.7,85000,2,88.6,Yes,28,4,45,Yes,No,
EMP1725,Gokul Verma,Female,30,IT,Data Analyst,Hyderabad,09-04-2025,0.9,69500,3,88,No,14,3,46,Yes,No,
EMP1726,Shalini MeNon,Female,30,HR,Recruiter,Madurai,13-07-2024,2.1,36500,4,97.7,Yes,47,5,46,No,No,
EMP1727,Divya Pillai,Female,53,Finance,Finance Executive,Chennai,06-01-2020,6.6,67500,3,96.2,Yes,45,3,39,No,No,
EMP1728,Priya Das,Male,48,Operations,Operations Manager,Chennai,17-12-2021,4.6,57500,4,86.9,No,14,5,36,No,No,
EMP1729,Prakash Sharma,Female,51,HR,HR Manager,Coimbatore,30-03-2016,10.3,63500,3,85.4,Yes,27,4,47,No,No,
EMP1730,MaNoj Reddy,Female,44,Finance,Finance Executive,Chennai,03-09-2016,9.9,80500,4,91.1,No,32,2,51,No,No,
EMP1731,Sneha Sharma,Female,52,Customer Service,Team Leader,Bengaluru,22-01-2021,5.5,60500,2,100,Yes,42,5,42,No,No,
EMP1732,Lavanya Verma,Female,25,HR,HR Analyst,Madurai,23-09-2020,5.9,63500,5,86.3,No,3,4,38,No,No,
EMP1733,Rahul Nair,Female,41,Marketing,Marketing Analyst,Madurai,25-12-2019,6.6,65000,2,91.1,No,0,4,42,No,No,
EMP1734,Nisha Rajan,Female,31,Sales,Business Development Executive,Chennai,25-11-2016,9.7,65500,4,92.5,Yes,29,4,46,No,No,
EMP1735,Priya Reddy,Male,34,Operations,Operations Analyst,Hyderabad,26-05-2024,2.2,52000,3,91.4,No,0,2,43,No,No,
EMP1736,Kavya Gupta,Female,29,Marketing,Digital Marketing Executive,Madurai,23-01-2020,6.5,67000,3,89.5,Yes,30,2,51,Yes,No,
EMP1737,Suresh Reddy,Male,28,Operations,Operations Executive,Bengaluru,09-12-2020,5.9,57000,3,98.4,Yes,37,3,49,No,No,
EMP1738,Meena Kumar,Female,36,Sales,Sales Executive,Madurai,14-01-2020,6.5,53500,4,94.5,No,47,5,45,Yes,No,
EMP1739,Deepa Balan,Female,53,IT,Software Analyst,Chennai,21-12-2020,5.6,86500,4,96.7,Yes,19,4,35,No,No,
EMP1740,Keerthi Kumar,Male,43,Operations,Operations Executive,Madurai,26-06-2022,4.1,50000,4,95.2,Yes,30,5,41,No,No,
EMP1741,Sanjay MeNon,Male,33,Sales,Sales Manager,Coimbatore,22-08-2023,2.9,55500,5,96.9,No,38,5,41,Yes,No,
EMP1742,Kavya MeNon,Male,36,Sales,Sales Manager,Madurai,30-06-2021,5.1,54500,4,100,No,10,3,40,No,No,
EMP1743,Divya Iyer,Female,39,HR,Recruiter,Hyderabad,29-08-2017,8.9,71000,5,99.3,No,42,5,45,No,No,
EMP1744,Divya Singh,Male,29,Customer Service,Customer Support Analyst,Pune,30-09-2024,1.8,30000,4,100,No,32,5,45,No,No,
EMP1745,Gokul Kumar,Male,39,Marketing,Digital Marketing Executive,Hyderabad,05-11-2018,7.7,67500,4,98.7,No,19,3,36,Yes,No,
EMP1746,Kavya Nair,Female,45,IT,Software Analyst,Coimbatore,29-02-2016,10.4,105000,4,88.3,Yes,30,3,48,Yes,No,
EMP1747,Vignesh MeNon,Male,29,Marketing,Marketing Analyst,Coimbatore,22-05-2016,10.2,68500,3,96.7,Yes,26,4,44,Yes,No,
EMP1748,Vijay Nair,Female,41,IT,Software Analyst,Bengaluru,28-09-2023,2.8,78000,4,95.9,No,40,1,46,No,No,
EMP1749,Pooja Kumar,Male,45,IT,Software Analyst,Chennai,14-11-2019,6.7,87000,4,100,No,23,4,48,No,No,
EMP1750,Rahul Krishnan,Male,39,Finance,Financial Analyst,Hyderabad,23-03-2016,10.4,80000,3,86.7,Yes,31,4,40,No,No,
EMP1751,Prakash Balan,Male,31,IT,Software Analyst,Hyderabad,12-02-2024,2.5,79000,4,95.1,Yes,19,4,50,Yes,No,
EMP1752,Sneha Gupta,Male,40,Sales,Sales Analyst,Chennai,16-01-2019,7.5,56500,4,88.3,No,14,4,43,No,No,
EMP1753,Vijay Verma,Male,48,Operations,Operations Manager,Pune,12-10-2025,0.8,45500,3,94.8,No,31,3,52,Yes,No,
EMP1754,Suresh Reddy,Female,28,Operations,Operations Manager,Hyderabad,18-10-2024,1.8,51000,1,90.8,No,15,1,40,No,No,
EMP1755,Vignesh Singh,Male,41,Finance,Accountant,Madurai,24-06-2016,10.1,75500,5,94.6,No,40,5,51,No,No,
EMP1756,Sanjay Das,Male,44,IT,Software Analyst,Pune,27-11-2022,3.7,76500,3,84.2,No,37,3,39,No,No,
EMP1757,Rahul Balan,Male,32,Sales,Sales Executive,Chennai,12-01-2022,4.6,59500,3,96.4,No,17,3,57,No,No,
EMP1758,Ravi Reddy,Male,34,Customer Service,Team Leader,Chennai,20-09-2017,8.9,72000,2,93.1,No,31,5,39,No,No,
EMP1759,Meena Pillai,Female,52,Operations,Process Associate,Madurai,07-06-2019,7.2,54500,3,92.8,No,16,4,49,No,No,
EMP1760,Dinesh MeNon,Male,33,Customer Service,Customer Support Analyst,Coimbatore,27-11-2020,5.7,44000,3,100,No,4,4,42,Yes,No,
EMP1761,Swathi Nair,Female,41,Sales,Sales Executive,Madurai,17-06-2017,9.1,62500,3,89.9,No,19,4,48,Yes,No,
EMP1762,Pooja Balan,Male,26,Sales,Sales Analyst,Pune,22-03-2023,3.4,54500,3,93.9,Yes,27,2,44,No,Yes,28-12-2025
EMP1763,Rahul Rajan,Male,53,Sales,Sales Executive,Chennai,09-10-2018,7.8,64500,4,92.6,Yes,36,3,39,No,Yes,29-08-2023
EMP1764,Karthik Pillai,Male,41,HR,HR Executive,Chennai,17-05-2025,1.2,48500,5,93.1,Yes,30,5,35,No,Yes,07-11-2025
EMP1765,Pooja Patel,Male,47,HR,HR Analyst,Bengaluru,07-01-2024,2.6,47500,4,100,Yes,42,3,57,Yes,No,
EMP1766,Sneha Krishnan,Female,42,HR,HR Manager,Chennai,06-05-2022,4.2,49000,4,92.4,Yes,13,2,44,Yes,No,
EMP1767,Swathi MeNon,Male,33,Customer Service,Team Leader,Bengaluru,13-03-2017,9.4,74000,3,88.9,No,22,3,35,No,No,
EMP1768,Deepa Sharma,Male,32,HR,HR Manager,Madurai,31-03-2016,10.3,66500,4,100,No,53,4,46,No,No,
EMP1769,Sanjay Krishnan,Female,45,HR,HR Analyst,Pune,17-06-2017,9.1,66500,4,90.3,No,0,4,47,Yes,No,
EMP1770,Suresh Nair,Female,51,Operations,Operations Analyst,Bengaluru,30-12-2020,5.6,51500,3,83.2,No,21,2,40,Yes,No,
EMP1771,Pooja Patel,Female,25,IT,Data Analyst,Chennai,24-10-2023,2.8,79000,3,87.9,No,12,1,40,No,No,
EMP1772,Lavanya Sharma,Female,50,Operations,Operations Executive,Chennai,12-07-2017,9.1,72000,4,85.1,No,25,4,44,No,No,
EMP1773,Sneha Gupta,Female,50,IT,Data Analyst,Chennai,28-01-2023,3.5,80500,4,82.1,Yes,21,2,50,No,No,
EMP1774,Sanjay Gupta,Female,24,Operations,Operations Analyst,Pune,23-06-2016,10.1,74000,4,90,Yes,37,3,44,Yes,No,
EMP1775,Arun Rajan,Female,24,IT,Data Analyst,Bengaluru,28-08-2018,7.9,84500,2,91.6,Yes,32,1,51,No,No,
EMP1776,Shalini Gupta,Male,45,IT,Software Analyst,Madurai,26-12-2021,4.6,80500,3,98.5,No,8,4,50,Yes,Yes,17-12-2023
EMP1777,Prakash Verma,Female,50,Marketing,Digital Marketing Executive,Chennai,14-04-2024,2.3,52000,2,95.5,Yes,19,4,43,No,No,
EMP1778,Vijay Sharma,Male,34,Finance,Finance Manager,Hyderabad,09-10-2023,2.8,65000,4,95.2,No,28,4,36,No,No,
EMP1779,Suresh Pillai,Female,43,Finance,Finance Manager,Chennai,29-04-2021,5.3,58500,4,87.1,No,39,4,43,Yes,No,
EMP1780,Swathi Kumar,Female,55,Finance,Financial Analyst,Bengaluru,11-05-2016,10.2,85500,3,96.9,No,64,1,47,No,No,
EMP1781,Mohan Gupta,Male,32,Sales,Sales Executive,Bengaluru,07-12-2018,7.6,67500,4,99.7,No,39,2,44,No,No,
EMP1782,Divya Das,Female,28,Operations,Process Associate,Chennai,02-11-2023,2.7,44500,4,94.2,No,13,3,47,No,No,
EMP1783,Mohan Pillai,Female,55,Sales,Business Development Executive,Coimbatore,23-10-2016,9.8,69000,4,94.3,No,27,3,48,No,No,
EMP1784,Hari Patel,Male,30,Sales,Sales Manager,Chennai,24-01-2023,3.5,52500,2,85,No,31,3,47,Yes,No,
EMP1785,Lavanya Patel,Male,37,Sales,Sales Analyst,Madurai,15-01-2023,3.5,45500,3,97.8,Yes,20,4,43,No,No,
EMP1786,Hari Gupta,Female,36,Operations,Operations Manager,Pune,10-07-2023,3.1,50000,4,100,No,35,4,47,No,No,
EMP1787,Swathi Krishnan,Female,39,Sales,Sales Manager,Bengaluru,04-03-2018,8.4,70500,5,93.8,No,0,2,55,No,No,
EMP1788,Shalini MeNon,Male,30,Marketing,Marketing Manager,Hyderabad,12-06-2018,8.1,69500,3,88.7,Yes,36,3,37,Yes,No,
EMP1789,Ajay MeNon,Male,44,Operations,Operations Manager,Coimbatore,26-12-2017,8.6,65500,4,91.1,No,21,4,46,No,No,
EMP1790,Ajay Krishnan,Female,45,HR,HR Executive,Chennai,08-12-2019,6.6,59500,4,89.7,No,26,2,53,No,Yes,16-11-2023
EMP1791,Rahul Kumar,Male,28,Marketing,Digital Marketing Executive,Bengaluru,28-03-2021,5.3,63500,3,90,No,50,3,38,No,No,
EMP1792,MaNoj Sharma,Male,37,Sales,Business Development Executive,Coimbatore,13-03-2017,9.4,73000,4,95.6,No,9,4,49,No,No,
EMP1793,Deepa Rajan,Male,23,Sales,Sales Analyst,Chennai,03-09-2021,4.9,53000,5,93.5,No,32,3,50,Yes,No,
EMP1794,MaNoj Rajan,Male,28,Marketing,Marketing Executive,Madurai,22-05-2018,8.2,74000,5,97.5,Yes,40,4,37,No,Yes,13-09-2022
EMP1795,Lavanya Gupta,Female,55,Operations,Operations Executive,Bengaluru,15-08-2021,5,63000,4,94,Yes,31,3,48,Yes,Yes,28-09-2023
EMP1796,Arun Patel,Female,38,Sales,Business Development Executive,Bengaluru,11-01-2019,7.6,68000,5,87.2,No,4,3,43,No,No,
EMP1797,Vignesh Reddy,Female,42,IT,Data Analyst,Chennai,19-07-2025,1,73000,3,89.2,No,48,2,44,No,No,
EMP1798,Shalini Sharma,Female,52,Sales,Sales Manager,Hyderabad,12-03-2019,7.4,57500,5,88.9,No,25,4,42,Yes,No,
EMP1799,Ajay Verma,Male,45,IT,IT Manager,Madurai,17-09-2024,1.9,65500,4,91,No,20,3,51,No,No,
EMP1800,Sneha Kumar,Male,48,IT,Software Analyst,Chennai,01-10-2017,8.8,94500,5,100,No,23,2,43,Yes,No,
EMP1801,Mohan Sharma,Male,45,IT,Software Analyst,Chennai,06-11-2016,9.7,88500,3,100,Yes,22,4,42,No,No,
EMP1802,Meena Gupta,Male,38,IT,IT Manager,Hyderabad,20-11-2017,8.7,87000,4,96.6,Yes,10,5,42,No,No,
EMP1803,Gokul Sharma,Male,43,HR,Recruiter,Madurai,11-03-2020,6.4,62500,5,92.7,No,30,3,42,No,No,
EMP1804,MaNoj Balan,Male,31,Marketing,Marketing Executive,Coimbatore,06-01-2025,1.6,53000,2,84.5,No,19,3,39,No,No,
EMP1805,Nisha Patel,Male,52,Marketing,Digital Marketing Executive,Chennai,10-05-2017,8.8,67000,3,93.2,Yes,38,3,42,No,No,
EMP1806,Dinesh Balan,Male,27,Marketing,Marketing Executive,Bengaluru,03-11-2023,2.7,49500,2,87.7,No,36,2,45,No,No,
EMP1807,Priya Kumar,Female,51,HR,HR Manager,Hyderabad,20-12-2022,3.6,52500,3,100,No,52,5,46,No,No,
EMP1808,Divya Patel,Female,51,Finance,Finance Manager,Madurai,12-06-2019,7.1,68000,3,83.2,Yes,25,3,50,No,Yes,30-07-2025
EMP1809,Suresh Reddy,Female,25,Finance,Finance Manager,Pune,13-05-2019,7.2,70500,3,94.1,No,16,3,45,Yes,No,
EMP1810,Meena MeNon,Female,45,HR,HR Analyst,Chennai,23-06-2025,1.1,47500,5,87.2,No,6,2,42,Yes,No,
EMP1811,Meena Gupta,Female,55,Sales,Sales Analyst,Chennai,23-02-2023,3.4,57000,5,91.9,No,61,3,39,No,No,
EMP1812,Meena Iyer,Male,41,Finance,Finance Manager,Coimbatore,22-05-2018,8.2,66000,2,95.7,No,38,3,45,No,No,
EMP1813,Shalini MeNon,Female,32,Marketing,Digital Marketing Executive,Bengaluru,13-02-2025,1.5,52000,4,97.6,No,18,5,43,No,No,
EMP1814,Priya Rajan,Male,51,Sales,Sales Manager,Chennai,26-01-2020,6.5,58500,4,91.7,Yes,53,2,44,No,Yes,16-04-2024
EMP1815,Priya Balan,Male,38,Operations,Operations Executive,Coimbatore,18-10-2016,9.8,69000,3,96.2,No,48,2,45,No,No,
EMP1816,Hari Verma,Male,25,IT,IT Support Executive,Madurai,19-02-2024,2.4,66000,4,88.4,No,8,4,47,No,No,
EMP1817,Meena Kumar,Male,29,Marketing,Digital Marketing Executive,Coimbatore,08-09-2024,1.9,56000,4,93.4,No,17,3,45,No,No,
EMP1818,Kavya Sharma,Male,44,IT,Data Analyst,Bengaluru,05-06-2020,6.2,97000,2,97.5,No,26,3,43,No,No,
EMP1819,Karthik Balan,Female,36,IT,IT Manager,Pune,15-01-2023,3.5,73000,3,93.8,Yes,12,4,40,No,No,
EMP1820,Nisha Verma,Female,28,IT,Software Analyst,Madurai,07-05-2018,8.2,92000,4,89.1,No,27,4,41,No,No,
EMP1821,Swathi MeNon,Female,48,Customer Service,Team Leader,Bengaluru,03-07-2024,2.1,140000,4,90.5,Yes,39,3,48,Yes,No,
EMP1822,Shalini Singh,Female,25,IT,IT Manager,Coimbatore,09-08-2019,6.9,72000,3,97.6,Yes,7,2,42,No,No,
EMP1823,Meena Balan,Male,28,IT,IT Support Executive,Madurai,03-09-2018,7.9,82500,3,86,No,32,2,37,No,No,
EMP1824,Prakash Nair,Male,37,IT,Software Analyst,Chennai,03-01-2021,5.6,84500,3,86.8,No,46,3,50,No,No,
EMP1825,Prakash Pillai,Female,22,Marketing,Digital Marketing Executive,Pune,03-09-2018,7.9,69500,4,95.3,No,34,2,39,No,No,
EMP1826,Sneha Gupta,Male,34,HR,Recruiter,Chennai,17-03-2022,4.4,54500,3,89.6,No,27,4,44,Yes,No,
EMP1827,Rahul Verma,Male,52,IT,IT Support Executive,Hyderabad,24-06-2023,3.1,58500,5,84,Yes,18,2,46,Yes,No,
EMP1828,Gokul Gupta,Male,53,IT,Data Analyst,Chennai,21-01-2020,6.5,87000,3,99.4,Yes,40,3,44,No,No,
EMP1829,Ravi Verma,Female,51,Customer Service,Team Leader,Hyderabad,01-11-2023,2.7,59500,4,86,Yes,10,3,35,No,No,
EMP1830,Dinesh Kumar,Female,32,IT,Data Analyst,Chennai,24-04-2020,6.3,92000,3,90.9,No,32,3,46,No,No,
EMP1831,Shalini Verma,Male,23,Finance,Finance Executive,Pune,14-09-2025,0.9,49500,4,88.6,No,28,4,51,No,No,
EMP1832,Meena Iyer,Female,49,Customer Service,Team Leader,Bengaluru,22-08-2018,7.9,65500,3,90.4,Yes,45,3,48,Yes,No,
EMP1833,Pooja Patel,Male,34,Finance,Finance Executive,Chennai,18-01-2023,3.5,64000,5,87.1,No,19,3,35,Yes,No,
EMP1834,Keerthi Patel,Male,47,Sales,Business Development Executive,Bengaluru,09-05-2021,5.2,63000,2,95.9,No,21,5,55,No,No,
EMP1835,Vijay Iyer,Male,25,Sales,Business Development Executive,Coimbatore,08-06-2025,1.1,41500,5,92.6,No,9,3,37,No,No,
EMP1836,Keerthi Singh,Male,44,HR,HR Manager,Madurai,12-03-2018,8.4,71000,4,97.4,No,35,5,39,No,No,
EMP1837,Arun Reddy,Female,41,HR,HR Manager,Chennai,19-12-2017,8.6,68500,4,88.6,Yes,29.60805861,3,48,Yes,No,
EMP1838,Aishwarya Rajan,Male,53,Finance,Finance Manager,Bengaluru,04-09-2024,1.9,54500,5,100,No,15,3,46,No,No,
EMP1839,Anjali Patel,Female,24,Marketing,Marketing Executive,Bengaluru,04-01-2025,1.6,45000,4,81.5,No,16,3,44,No,No,
EMP1840,Lavanya Patel,Male,35,Marketing,Marketing Analyst,Madurai,23-06-2023,3.1,59000,3,83.3,Yes,36,4,41,No,No,
EMP1841,Shalini Krishnan,Female,55,HR,Recruiter,Hyderabad,30-09-2020,5.8,57000,4,100,Yes,11,3,51,No,No,
EMP1842,Harini Das,Female,34,IT,Data Analyst,Chennai,07-02-2020,6.5,84500,5,94.6,No,13,3,44,No,No,
EMP1843,Meena Krishnan,Female,44,Sales,Sales Manager,Chennai,31-08-2022,3.9,52000,3,93.9,No,41,5,36,No,Yes,02-11-2025
EMP1844,Rahul Balan,Female,26,Customer Service,Customer Service Executive,Coimbatore,22-06-2023,3.1,53500,5,94.4,Yes,26,4,50,No,Yes,24-07-2024
EMP1845,Anjali Krishnan,Female,46,Sales,Sales Executive,Chennai,05-10-2018,7.8,63500,4,95.1,No,42,4,45,No,Yes,17-07-2023
EMP1846,Pooja Iyer,Male,30,IT,IT Support Executive,Chennai,26-01-2016,10.5,80000,3,93.6,No,23,2,50,No,No,
EMP1847,MaNoj Reddy,Female,41,Sales,Business Development Executive,Coimbatore,25-09-2016,9.8,66000,3,86.7,Yes,28,2,47,No,No,
EMP1848,Aishwarya Singh,Female,51,IT,Data Analyst,Chennai,12-06-2019,7.1,101000,3,96.5,Yes,30,4,56,No,Yes,28-02-2024
EMP1849,Priya Sharma,Male,44,Finance,Accountant,Chennai,26-10-2022,3.8,63500,2,95.6,No,49,4,42,No,No,
EMP1850,Keerthi Verma,Male,37,Marketing,Digital Marketing Executive,Bengaluru,27-05-2020,6.2,69500,3,99.9,No,48,3,44,No,No,
EMP1851,Kavya Sharma,Male,27,Sales,Sales Analyst,Coimbatore,08-03-2022,4.4,55500,3,100,Yes,45,3,48,No,No,
EMP1852,Sneha Pillai,Male,32,Operations,Operations Executive,Hyderabad,12-09-2020,5.9,65000,2,93.8,No,19,5,42,No,No,
EMP1853,Deepa Kumar,Male,50,IT,IT Support Executive,Coimbatore,08-07-2018,8.1,73000,4,85.2,No,13,4,48,Yes,No,
EMP1854,Anjali Krishnan,Male,28,Marketing,Marketing Manager,Coimbatore,28-06-2023,3.1,55000,3,100,No,39,4,35,No,No,
EMP1855,Hari Nair,Female,43,Operations,Operations Manager,Chennai,27-03-2023,3.3,54000,3,86.4,Yes,49,3,44,No,No,
EMP1856,Sanjay Verma,Male,37,Customer Service,Customer Service Manager,Hyderabad,18-08-2025,1,44000,3,93.9,Yes,45,3,43,No,No,
EMP1857,Lavanya Gupta,Female,32,Sales,Sales Manager,Chennai,04-04-2024,2.3,50500,4,90.6,Yes,28,4,43,No,No,
EMP1858,Ravi Kumar,Male,46,Sales,Business Development Executive,Chennai,20-10-2019,6.8,60000,4,89.6,No,39,3,40,Yes,No,
EMP1859,Nisha Kumar,Female,33,Sales,Sales Executive,Hyderabad,18-01-2023,3.5,52500,3,96.2,No,39,3,49,No,No,
EMP1860,Pooja MeNon,Male,31,Sales,Sales Executive,Bengaluru,04-07-2019,7.1,54000,4,93.3,No,30,2,41,No,No,
EMP1861,Ravi Rajan,Male,39,IT,Software Analyst,Coimbatore,23-09-2024,1.9,66000,3,94.8,Yes,31,3,45,No,No,
EMP1862,Swathi Kumar,Male,47,Customer Service,Customer Service Manager,Chennai,08-02-2022,4.5,50500,2,87.5,No,29,4,44,Yes,No,
EMP1863,Suresh Pillai,Female,51,Customer Service,Team Leader,Chennai,06-05-2024,2.2,49500,3,91,No,16,2,47,No,No,
EMP1864,Lavanya MeNon,Male,43,IT,Software Analyst,Coimbatore,24-10-2018,7.8,90500,4,87.8,No,18,4,51,Yes,No,
EMP1865,Nisha Kumar,Female,44,IT,IT Manager,Bengaluru,24-02-2016,10.4,93000,4,90.9,No,17,3,45,Yes,No,
EMP1866,Keerthi Reddy,Male,48,Operations,Operations Analyst,Madurai,31-05-2017,9.2,74000,3,91.3,No,4,3,48,No,No,
EMP1867,Deepa Rajan,Female,30,Customer Service,Team Leader,Chennai,25-04-2021,5.3,61500,4,100,Yes,30,3,45,No,Yes,18-02-2025
EMP1868,Prakash Gupta,Male,29,Sales,Sales Executive,Chennai,13-08-2025,1,54500,3,90.6,Yes,27,3,41,No,Yes,25-07-2026
EMP1869,Ajay Kumar,Female,37,IT,Software Analyst,Coimbatore,09-04-2022,4.3,84500,3,80.3,No,39,3,43,No,Yes,23-01-2025
EMP1870,Kavya Patel,Male,43,Operations,Operations Analyst,Bengaluru,05-02-2024,2.5,52000,3,99.7,Yes,47,3,43,Yes,No,
EMP1871,Mohan Iyer,Male,43,Sales,Sales Executive,Chennai,10-09-2020,5.9,59500,5,94.5,Yes,48,3,47,No,No,
EMP1872,Arun Pillai,Male,26,Finance,Finance Executive,Chennai,02-08-2025,1,47000,4,91.3,No,49,5,45,No,Yes,02-04-2026
EMP1873,Anjali Sharma,Male,48,Customer Service,Customer Service Executive,Chennai,30-05-2025,1.2,39000,3,89.6,Yes,17,3,40,No,No,
EMP1874,Shalini Krishnan,Male,33,Customer Service,Customer Service Executive,Chennai,03-06-2018,8.4,42500,5,86.8,No,7,3,43,No,No,
EMP1875,Suresh Reddy,Female,51,Operations,Operations Manager,Coimbatore,15-08-2024,2,46500,3,100,No,42,3,36,No,No,
EMP1876,Sanjay Gupta,Male,46,Operations,Operations Analyst,Chennai,06-03-2016,10.4,71000,5,92.3,No,49,3,43,No,No,
EMP1877,Nisha Iyer,Male,55,Sales,Sales Manager,Bengaluru,04-12-2021,4.7,51500,3,82.4,Yes,51,3,44,Yes,No,
EMP1878,Arun Gupta,Female,43,Sales,Sales Manager,Bengaluru,16-05-2020,6.2,57000,3,93.8,No,35,4,53,No,Yes,28-02-2026
EMP1879,Prakash Pillai,Male,39,IT,IT Manager,Pune,05-01-2019,7.6,90000,3,98.6,No,0,3,51,No,No,
EMP1880,Mohan Iyer,Male,27,IT,IT Manager,Pune,03-05-2025,1.2,70000,3,92.9,No,33,1,39,No,No,
EMP1881,Anjali Iyer,Female,34,IT,Software Analyst,Chennai,16-08-2022,4,78500,3,87,No,36,3,45,Yes,Yes,12-01-2025
EMP1882,Kavya Pillai,Female,51,IT,IT Support Executive,Chennai,20-05-2017,9.2,77500,5,86.5,No,47,3,45,No,No,
EMP1883,Sanjay Singh,Female,34,Finance,Finance Executive,Madurai,23-05-2017,9.2,68000,4,87,Yes,49,3,43,No,Yes,19-12-2022
EMP1884,Mohan Gupta,Male,22,Marketing,Digital Marketing Executive,Bengaluru,04-03-2017,9.4,74500,4,100,Yes,42,4,43,Yes,Yes,10-06-2021
EMP1885,Ajay Gupta,Female,29,Sales,Business Development Executive,Chennai,15-01-2019,7.5,63500,3,91.6,No,19,1,42,No,No,
EMP1886,Arun Nair,Male,41,Sales,Sales Executive,Madurai,08-09-2016,9.9,60000,3,82.8,No,13,5,53,No,No,
EMP1887,Sneha Rajan,Female,43,HR,HR Analyst,Chennai,23-08-2018,7.9,63000,4,94.1,No,36,4,42,No,Yes,23-02-2025
EMP1888,Vijay Patel,Female,55,Sales,Business Development Executive,Chennai,26-08-2023,2.9,54500,2,92.8,Yes,16,3,46,Yes,No,
EMP1889,Deepa Das,Female,53,Operations,Process Associate,Bengaluru,26-09-2024,1.8,49500,2,89.5,Yes,50,3,35,Yes,No,
EMP1890,Kavya Reddy,Male,39,Finance,Financial Analyst,Bengaluru,10-11-2023,2.7,62500,3,86.4,No,2,4,48,No,No,
EMP1891,Sneha Balan,Male,40,Sales,Sales Analyst,Coimbatore,17-12-2020,5.6,56000,5,86.1,No,37,4,50,No,No,
EMP1892,Mohan Das,Female,49,Marketing,Marketing Analyst,Pune,15-12-2022,3.6,64500,3,98,Yes,33,3,39,No,No,
EMP1893,Prakash Gupta,Male,22,IT,Software Analyst,Chennai,10-06-2025,1.1,74000,4,93.4,No,25,2,41,Yes,No,
EMP1894,Prakash Sharma,Male,41,HR,HR Executive,Chennai,13-07-2016,10.1,71500,3,94.6,No,14,5,46,No,No,
EMP1895,Rahul Singh,Female,37,Sales,Sales Manager,Madurai,17-01-2025,1.5,44500,5,93.3,Yes,0,4,44,No,No,
EMP1896,Priya Kumar,Female,48,Sales,Sales Manager,Bengaluru,27-03-2023,3.3,54500,2,93.8,No,20,4,46,Yes,No,
EMP1897,Divya Sharma,Male,49,Marketing,Digital Marketing Executive,Coimbatore,12-11-2019,6.7,58000,4,89.4,Yes,20,4,43,Yes,No,
EMP1898,Meena Nair,Male,43,Sales,Sales Analyst,Chennai,26-06-2020,6.1,57000,3,90.9,No,45,4,53,Yes,No,
EMP1899,Prakash Verma,Male,44,HR,HR Manager,Pune,20-05-2020,6.2,52500,4,98.4,Yes,16,4,41,Yes,No,
EMP1900,Sneha Patel,Male,45,HR,Recruiter,Madurai,30-07-2017,9,60500,3,99.8,No,35,1,57,No,No,
EMP1901,Swathi Nair,Male,41,IT,IT Manager,Madurai,21-04-2018,8.3,89000,3,85.3,Yes,9,3,50,No,No,
EMP1902,Meena Krishnan,Female,28,HR,HR Analyst,Bengaluru,14-12-2018,7.6,59000,3,90.9,No,35,3,48,No,No,
EMP1903,Ajay Krishnan,Female,30,Operations,Operations Executive,Pune,22-01-2016,10.5,74500,3,96.6,No,0,3,39,No,No,
EMP1904,Rahul Reddy,Male,46,Sales,Sales Analyst,Bengaluru,04-01-2021,5.6,64500,2,100,No,59,4,49,No,No,
EMP1905,Meena Nair,Male,42,IT,IT Support Executive,Pune,06-10-2020,5.8,71000,3,100,No,26,2,47,Yes,No,
EMP1906,MaNoj Nair,Female,29,Finance,Accountant,Chennai,19-04-2019,7.3,73500,4,87.6,No,0,2,35,Yes,No,
EMP1907,Mohan Rajan,Female,51,Finance,Finance Manager,Coimbatore,06-10-2017,8.8,75500,3,99,Yes,17,3,37,Yes,No,
EMP1908,Gokul Patel,Female,55,HR,HR Executive,Hyderabad,12-09-2025,0.9,45000,3,92.3,No,15,4,46,No,No,
EMP1909,Swathi Rajan,Male,42,Operations,Operations Manager,Coimbatore,14-10-2022,3.8,57500,2,97.7,No,18,4,43,No,No,
EMP1910,Lavanya MeNon,Female,28,Operations,Operations Analyst,Madurai,30-09-2020,5.8,67500,3,96.3,No,23,5,41,No,No,
EMP1911,Aishwarya Verma,Male,53,HR,HR Executive,Pune,24-03-2023,3.4,48000,4,85,Yes,18,3,49,No,No,
EMP1912,Harini Iyer,Male,29,Sales,Sales Manager,Chennai,21-09-2019,6.9,56500,4,95,Yes,16,4,40,Yes,Yes,17-03-2022
EMP1913,Meena Iyer,Female,36,Operations,Process Associate,Madurai,26-02-2018,8.4,57500,3,97.5,Yes,11,4,42,No,Yes,20-04-2022
EMP1914,Swathi Verma,Male,51,IT,IT Support Executive,Hyderabad,25-09-2022,3.8,70000,4,91.9,Yes,40,4,41,No,No,
EMP1915,Mohan Das,Male,39,Sales,Sales Executive,Pune,16-09-2023,2.9,55500,3,90.6,Yes,46,3,47,No,No,
EMP1916,MaNoj Krishnan,Male,29,Sales,Sales Executive,Pune,04-07-2022,4.1,51000,5,83.4,No,24,3,35,No,No,
EMP1917,MaNoj Verma,Male,23,Marketing,Marketing Analyst,Hyderabad,31-08-2021,4.9,49000,5,95.8,Yes,28,2,42,Yes,No,
EMP1918,Dinesh MeNon,Male,33,Marketing,Digital Marketing Executive,Chennai,09-01-2016,10.6,71500,4,93.1,Yes,11,2,35,No,No,
EMP1919,Sanjay Balan,Female,44,IT,Data Analyst,Pune,19-05-2022,4.2,88000,5,86.9,Yes,29,4,42,No,No,
EMP1920,MaNoj Patel,Male,46,Customer Service,Customer Support Analyst,Madurai,09-03-2022,4.4,46000,3,90.2,No,31,3,48,No,No,
EMP1921,Ajay Pillai,Male,28,IT,IT Manager,Bengaluru,15-02-2020,6.5,79500,2,92.8,No,25,3,48,Yes,No,
EMP1922,Divya Krishnan,Female,26,Sales,Sales Executive,Madurai,09-06-2018,8.1,61500,3,88.9,Yes,34,4,40,Yes,No,
EMP1923,Vignesh Sharma,Male,45,IT,Software Analyst,Hyderabad,16-10-2025,0.8,78000,3,92,No,33,3,47,No,No,
EMP1924,Hari Das,Female,26,Finance,Financial Analyst,Coimbatore,02-10-2019,6.8,75000,5,82.4,No,12,2,43,No,No,
EMP1925,Ravi Sharma,Male,23,Sales,Business Development Executive,Hyderabad,20-09-2018,7.9,68500,3,99.4,Yes,46,3,51,Yes,No,
EMP1926,Sanjay Reddy,Female,38,HR,HR Analyst,Chennai,24-01-2023,3.5,52000,3,92.1,No,25,4,43,Yes,No,
EMP1927,Mohan Sharma,Male,40,Finance,Financial Analyst,Chennai,26-10-2020,5.8,73500,3,86,No,53,2,35,No,Yes,26-05-2024
EMP1928,Vignesh MeNon,Female,29,Marketing,Marketing Analyst,Madurai,29-07-2021,5,61000,4,78.5,No,34,4,48,No,No,
EMP1929,Kavya Singh,Male,28,HR,HR Manager,Chennai,26-06-2022,4.1,48500,4,97.7,No,58,3,42,No,No,
EMP1930,Vignesh Das,Female,29,Finance,Finance Executive,Bengaluru,08-09-2019,6.9,69500,3,95.1,No,46,3,43,Yes,No,
EMP1931,Pooja MeNon,Male,32,IT,Software Analyst,Chennai,10-07-2017,9.1,98500,2,93.2,No,31,3,46,No,No,
EMP1932,Meena Iyer,Female,21,IT,Software Analyst,Coimbatore,03-09-2017,8.9,99500,2,96.8,No,17,2,37,No,Yes,21-04-2023
EMP1933,Mohan Nair,Male,21,Operations,Operations Executive,Chennai,25-05-2025,1.2,49000,5,96.7,Yes,17,4,44,No,Yes,02-11-2025
EMP1934,Priya Reddy,Male,33,Operations,Process Associate,Chennai,20-01-2021,5.5,50500,4,93.1,No,36,2,47,No,No,
EMP1935,Arun Das,Male,21,Marketing,Marketing Executive,Bengaluru,03-03-2020,6.4,59000,4,90.6,No,30,4,46,No,No,
EMP1936,Keerthi Verma,Male,32,HR,HR Analyst,Madurai,12-03-2019,7.4,59500,5,89.7,Yes,19,3,41,Yes,No,
EMP1937,Hari Patel,Male,41,IT,Data Analyst,Chennai,21-03-2023,3.4,84000,5,94.3,No,40,3,49,No,Yes,21-07-2025
EMP1938,Keerthi Das,Female,22,IT,IT Support Executive,Chennai,16-02-2025,1.5,59000,3,99.7,No,29,3,39,No,No,
EMP1939,Mohan Verma,Male,42,Sales,Sales Manager,Chennai,09-09-2023,2.9,45500,3,91.4,Yes,41,2,41,No,No,
EMP1940,Rahul Krishnan,Male,42,HR,HR Manager,Bengaluru,05-05-2021,5.2,50500,3,100,No,29.60805861,3,43,No,No,
EMP1941,Prakash Nair,Male,41,Sales,Sales Analyst,Chennai,02-10-2020,5.8,48500,3,94.1,No,43,2,45,No,No,
EMP1942,Ajay Singh,Male,42,Finance,Accountant,Madurai,29-08-2024,1.9,41000,2,94.1,Yes,36,5,42,No,No,
EMP1943,Nisha Verma,Male,49,Finance,Accountant,Bengaluru,25-07-2024,2,54500,2,100,No,46,5,50,No,No,
EMP1944,Meena Singh,Female,23,Sales,Sales Executive,Coimbatore,26-11-2019,6.7,71000,2,100,No,43,2,45,Yes,Yes,18-06-2026
EMP1945,Pooja Iyer,Male,26,Operations,Operations Manager,Coimbatore,23-08-2025,0.9,54500,4,100,No,27,3,44,No,No,
EMP1946,Sanjay Reddy,Female,32,Customer Service,Team Leader,Chennai ,10-04-2024,2.3,47000,2,87.6,Yes,26,3,45,No,No,
EMP1947,Sneha Rajan,Male,45,Sales,Sales Analyst,Pune,18-06-2024,2.1,49000,5,100,No,55,3,48,No,No,
EMP1948,Arun Das,Male,51,Customer Service,Customer Service Manager,Madurai,25-07-2016,10,54500,3,91.5,No,24,3,45,No,No,
EMP1949,Prakash Pillai,Female,53,HR,HR Executive,Chennai,19-04-2017,9.3,60500,5,90.7,No,39,3,35,Yes,No,
EMP1950,Keerthi Pillai,Male,41,Customer Service,Customer Service Manager,Pune,25-12-2018,7.6,49500,3,80.1,Yes,22,4,49,No,Yes,26-02-2022
EMP1951,Harini MeNon,Male,35,Customer Service,Team Leader,Bengaluru,12-08-2023,3,52500,2,93.8,No,0,2,45,Yes,No,
EMP1952,Nisha Verma,Female,35,HR,HR Executive,Coimbatore,12-10-2016,9.8,66500,5,86,No,10,4,47,No,No,
EMP1953,Hari Gupta,Female,23,Marketing,Digital Marketing Executive,Hyderabad,29-10-2016,9.8,73500,5,94.2,Yes,34,2,42,No,No,
EMP1954,Vijay Pillai,Female,37,Customer Service,Customer Service Manager,Chennai,25-04-2016,10.3,65000,3,85.6,No,39,3,35,No,No,
EMP1955,Ajay Verma,Male,38,Operations,Operations Analyst,Hyderabad,02-12-2017,8.7,65000,3,100,No,34,2,35,Yes,Yes,24-09-2023
EMP1956,Nisha Verma,Female,28,Customer Service,Customer Support Analyst,Bengaluru,10-03-2025,1.4,39000,3,95,No,45,3,39,No,No,
EMP1957,Sanjay Iyer,Female,47,IT,IT Manager,Madurai,19-03-2023,3.4,66000,3,100,No,34,3,47,No,No,
EMP1958,Karthik Rajan,Female,49,HR,HR Executive,Chennai,03-03-2023,3.4,45000,4,86.4,Yes,16,4,50,No,No,
EMP1959,Nisha Kumar,Male,31,Operations,Operations Executive,Chennai,04-12-2018,7.7,57500,3,100,No,37,3,46,No,No,
EMP1960,Dinesh MeNon,Male,52,IT,IT Support Executive,Pune,02-04-2022,4.3,70000,2,82.1,Yes,31,4,39,No,No,
EMP1961,Mohan Pillai,Male,24,IT,IT Manager,Chennai,16-10-2023,2.8,68000,3,93.1,No,19,3,40,No,No,
EMP1962,Prakash Pillai,Male,52,Finance,Finance Executive,Chennai,29-04-2021,5.3,55500,4,88.5,No,35,1,51,Yes,No,
EMP1963,Hari Gupta,Female,47,IT,Software Analyst,Bengaluru,24-07-2024,2,76000,3,89.5,Yes,29,1,37,Yes,No,
EMP1964,Aishwarya Gupta,Male,28,Sales,Sales Manager,Bengaluru,11-09-2021,4.9,50000,3,89.2,No,19,3,55,Yes,No,
EMP1965,Ajay Reddy,Male,43,Marketing,Marketing Analyst,Chennai,31-03-2019,7.3,72500,3,87,No,25,4,53,No,No,
EMP1966,Lavanya Singh,Male,31,HR,HR Manager,Hyderabad,22-05-2022,4.2,50500,3,85.1,No,49,3,55,No,No,
EMP1967,Hari MeNon,Male,48,Marketing,Digital Marketing Executive,Coimbatore,07-06-2025,1.1,53000,5,89.6,Yes,49,3,46,Yes,No,
EMP1968,Sneha Kumar,Male,26,Operations,Operations Analyst,Hyderabad,07-04-2024,2.3,55000,2,92.6,No,31,3,42,Yes,No,
EMP1969,Sanjay Balan,Male,29,IT,IT Support Executive,Chennai,25-12-2020,5.6,66000,4,98.4,No,29,3,46,No,No,
EMP1970,Pooja MeNon,Male,31,IT,IT Support Executive,Chennai,20-12-2021,4.6,68000,3,93.6,Yes,7,4,49,No,No,
EMP1971,Rahul Rajan,Female,27,Sales,Sales Manager,Bengaluru,05-10-2025,0.8,47500,4,98.4,No,54,4,41,No,No,
EMP1972,Mohan MeNon,Male,32,Customer Service,Customer Support Analyst,Chennai,27-06-2023,3.1,43500,3,83.9,Yes,44,3,38,No,No,
EMP1973,Sneha Das,Male,42,Marketing,Digital Marketing Executive,Coimbatore,09-01-2021,5.6,63000,3,89.6,No,39,3,43,No,No,
EMP1974,Priya Balan,Male,43,Finance,Financial Analyst,Chennai,23-10-2018,7.8,70500,3,95.9,No,0,4,40,No,Yes,30-06-2024
EMP1975,Arun Gupta,Male,40,Sales,Sales Analyst,Bengaluru,22-01-2025,1.5,49500,3,93.9,Yes,29,4,50,No,No,
EMP1976,Vijay Iyer,Male,27,Sales,Sales Analyst,Hyderabad,08-10-2025,0.8,43000,4,87.3,No,26,5,41,No,Yes,23-03-2026
EMP1977,Lavanya Gupta,Male,28,Finance,Finance Executive,Hyderabad,15-09-2016,9.9,77500,4,97.1,Yes,38,3,44,No,No,
EMP1978,Ravi Rajan,Male,53,Customer Service,Customer Service Manager,Pune,26-04-2016,10.3,66000,5,89.1,No,21,5,49,No,No,
EMP1979,Divya Patel,Male,29,Marketing,Marketing Manager,Pune,24-02-2017,9.4,73500,4,87.7,Yes,25,2,50,No,No,
EMP1980,Pooja Reddy,Female,24,Sales,Sales Analyst,Madurai,13-11-2019,6.7,62000,2,94.7,Yes,37,3,45,No,Yes,22-09-2024
EMP1981,Gokul Gupta,Male,36,Operations,Operations Manager,Madurai,07-08-2017,9,70500,4,92,No,16,1,46,Yes,No,
EMP1982,Anjali Verma,Male,21,Finance,Financial Analyst,Hyderabad,27-10-2024,1.8,64000,3,89.1,No,19,4,39,No,No,
EMP1983,Kavya Kumar,Female,32,Operations,Operations Analyst,Pune,21-02-2025,1.4,54500,5,92.03869863,Yes,31,4,49,No,Yes,18-12-2025
EMP1984,Shalini Balan,Male,50,Sales,Sales Manager,Pune,21-10-2017,8.8,65500,5,86.1,No,48,1,50,No,No,
EMP1985,Ravi Verma,Male,30,IT,IT Support Executive,Bengaluru,16-04-2024,2.3,62500,3,89.8,Yes,40,4,35,No,No,
EMP1986,Lavanya Pillai,Male,45,Customer Service,Customer Service Manager,Chennai,31-05-2017,9.2,63000,4,98.1,No,44,4,53,No,No,
EMP1987,Lavanya Nair,Male,38,Sales,Sales Analyst,Pune,16-11-2023,2.7,48000,3,93.3,Yes,29,4,40,No,No,
EMP1988,Dinesh Rajan,Male,33,Marketing,Marketing Manager,Pune,27-08-2019,6.9,58000,3,97.3,No,50,2,47,No,No,
EMP1989,Sanjay Reddy,Female,44,Customer Service,Customer Service Manager,Bengaluru,27-05-2016,10.2,63500,4,94.8,Yes,2,4,44,Yes,No,
EMP1990,Gokul Verma,Female,41,Sales,Sales Manager,Hyderabad,13-04-2020,6.3,58500,4,88.6,No,58,3,44,Yes,No,
EMP1991,Meena Nair,Female,32,HR,HR Executive,Coimbatore,24-03-2024,2.4,43000,4,82.9,No,60,4,43,No,No,
EMP1992,Arun Reddy,Male,28,Marketing,Marketing Analyst,Pune,02-05-2025,1.2,51500,4,86.9,No,35,3,39,No,No,
EMP1993,Nisha Pillai,Male,53,Sales,Business Development Executive,Chennai,18-03-2017,9.4,76000,5,88.3,No,40,4,47,No,No,
EMP1994,Prakash Singh,Male,26,HR,Recruiter,Hyderabad,12-05-2024,2.2,38500,3,87.9,Yes,27,5,43,No,No,
EMP1995,Pooja MeNon,Male,54,IT,IT Manager,Chennai,07-12-2018,7.6,86500,2,97.4,Yes,25,3,37,Yes,No,
EMP1996,Lavanya Pillai,Male,37,Marketing,Marketing Manager,Madurai,22-08-2020,5.9,50000,2,97.3,No,19,4,39,No,Yes,02-05-2023
EMP1997,Ajay Patel,Male,55,Sales,Sales Executive,Chennai,01-02-2017,9.5,66000,5,100,Yes,27,5,38,No,No,
EMP1998,Deepa Nair,Male,33,Sales,Business Development Executive,Madurai,24-09-2025,0.9,56000,3,87.8,No,36,3,41,No,No,
EMP1999,Karthik Nair,Male,40,Operations,Operations Analyst,Chennai,26-11-2023,2.7,49500,4,100,No,34,2,46,No,No,
EMP2000,Meena MeNon,Male,42,IT,IT Manager,Pune,04-06-2022,4.2,73500,3,100,No,58,4,40,No,No,
